step_idx,phase,t_step_start_s,t_step_end_s,step_duration_ms,t_dataload_ms,t_forward_ms,t_backward_ms,t_optimizer_ms,samples_per_step_per_rank,world_size,loss
0,ramp,0.000013,15.104163,15104.150,283.618,2026.223,12779.947,14.120,256,1,0.706872
1,ramp,15.104290,15.356135,251.845,22.199,88.414,140.885,0.289,256,1,0.708234
2,ramp,15.356186,15.621598,265.412,13.992,88.308,140.867,22.218,256,1,0.740372
3,ramp,15.621660,15.875453,253.793,14.060,88.370,140.792,10.543,256,1,2.710533
4,ramp,15.875505,16.120958,245.454,13.804,88.347,140.888,2.389,256,1,5.799201
5,ramp,16.121004,16.366172,245.168,13.382,88.373,140.885,2.502,256,1,3.776340
6,ramp,16.366224,16.611910,245.686,14.275,88.194,140.735,2.455,256,1,5.185093
7,ramp,16.611974,16.857682,245.708,14.150,88.273,140.863,2.395,256,1,3.225695
8,ramp,16.857728,17.103972,246.244,14.628,88.347,140.833,2.410,256,1,7.485168
9,ramp,17.104014,17.350135,246.121,14.561,88.367,140.735,2.433,256,1,8.337677
10,ramp,17.350178,17.595295,245.117,13.636,88.339,140.752,2.364,256,1,6.407731
11,ramp,17.595336,17.840416,245.080,13.612,88.296,140.785,2.363,256,1,1.577252
12,ramp,17.840455,18.085833,245.377,13.831,88.318,140.843,2.361,256,1,4.068404
13,ramp,18.085873,18.331762,245.889,14.158,88.466,140.819,2.420,256,1,5.895892
14,ramp,18.331804,18.577196,245.393,13.817,88.307,140.869,2.376,256,1,4.071708
15,ramp,18.577237,18.822955,245.718,14.111,88.376,140.859,2.346,256,1,1.467801
16,ramp,18.822996,19.068037,245.041,13.478,88.445,140.733,2.360,256,1,3.869905
17,ramp,19.068077,19.313514,245.437,13.851,88.338,140.803,2.420,256,1,3.463499
18,ramp,19.313559,19.559306,245.748,14.323,88.301,140.766,2.334,256,1,2.066380
19,ramp,19.559346,19.804905,245.559,14.128,88.310,140.730,2.367,256,1,5.382128
20,ramp,19.804945,20.048197,243.253,13.776,88.298,140.869,0.275,256,1,4.871693
21,ramp,20.048234,20.294105,245.871,14.288,88.300,140.817,2.442,256,1,1.625606
22,ramp,20.294148,20.540290,246.143,14.635,88.383,140.741,2.360,256,1,2.098724
23,ramp,20.540330,20.785802,245.472,14.081,88.376,140.635,2.356,256,1,0.724835
24,ramp,20.785843,21.031160,245.317,13.764,88.317,140.832,2.381,256,1,1.405041
25,ramp,21.031201,21.276683,245.482,13.792,88.416,140.835,2.415,256,1,2.532903
26,ramp,21.276724,21.522507,245.783,14.297,88.306,140.810,2.347,256,1,1.716540
27,ramp,21.522547,21.767793,245.246,13.869,88.271,140.714,2.369,256,1,1.076081
28,ramp,21.767832,22.013097,245.264,13.964,88.280,140.631,2.364,256,1,1.492417
29,ramp,22.013136,22.258181,245.045,13.574,88.433,140.618,2.394,256,1,0.683626
30,ramp,22.258223,22.503563,245.340,13.940,88.370,140.662,2.344,256,1,0.694333
31,ramp,22.503604,22.749082,245.479,14.067,88.317,140.716,2.350,256,1,0.729516
32,ramp,22.749122,22.994494,245.372,13.857,88.377,140.730,2.382,256,1,0.786641
33,ramp,22.994534,23.239768,245.234,13.750,88.235,140.806,2.419,256,1,1.957422
34,ramp,23.239809,23.485859,246.051,14.667,88.333,140.670,2.356,256,1,0.766871
35,ramp,23.485899,23.731104,245.205,13.731,88.298,140.771,2.380,256,1,0.946368
36,ramp,23.731144,23.976388,245.244,13.944,88.332,140.574,2.369,256,1,0.759992
37,ramp,23.976428,24.221494,245.066,13.612,88.314,140.703,2.413,256,1,0.889321
38,ramp,24.221535,24.466664,245.129,13.835,88.311,140.601,2.357,256,1,0.903519
39,ramp,24.466703,24.712107,245.404,14.058,88.281,140.692,2.350,256,1,0.677228
40,ramp,24.712146,24.957243,245.096,13.747,88.363,140.604,2.357,256,1,0.700861
41,ramp,24.957284,25.202371,245.087,13.586,88.433,140.688,2.354,256,1,0.755064
42,ramp,25.202411,25.447571,245.161,13.733,88.437,140.614,2.353,256,1,1.490397
43,ramp,25.447609,25.693260,245.651,14.044,88.578,140.652,2.353,256,1,0.715004
44,ramp,25.693302,25.939698,246.396,14.919,88.387,140.712,2.354,256,1,0.743093
45,ramp,25.939736,26.184896,245.160,13.779,88.347,140.640,2.372,256,1,0.847228
46,ramp,26.184934,26.430099,245.165,13.679,88.475,140.620,2.366,256,1,0.780822
47,ramp,26.430139,26.675614,245.475,13.875,88.466,140.748,2.359,256,1,0.714506
48,ramp,26.675653,26.921080,245.428,13.951,88.400,140.690,2.355,256,1,0.720245
49,ramp,26.921121,27.166215,245.094,13.614,88.437,140.603,2.415,256,1,0.673183
50,ramp,27.166256,27.415458,249.202,17.622,88.404,140.682,2.469,256,1,0.679801
51,ramp,27.415569,27.661044,245.475,14.149,88.302,140.647,2.348,256,1,0.705390
52,ramp,27.661091,27.906577,245.486,13.997,88.311,140.798,2.354,256,1,0.772552
53,ramp,27.906615,28.151720,245.105,13.645,88.363,140.708,2.365,256,1,0.738663
54,ramp,28.151760,28.396842,245.082,13.706,88.350,140.595,2.406,256,1,0.685357
55,ramp,28.396883,28.643189,246.305,14.903,88.328,140.689,2.360,256,1,0.836133
56,ramp,28.643231,28.888491,245.260,13.816,88.371,140.618,2.428,256,1,0.742848
57,ramp,28.888542,29.134574,246.032,14.444,88.419,140.765,2.377,256,1,0.712666
58,ramp,29.134617,29.380680,246.063,14.605,88.362,140.712,2.359,256,1,0.746000
59,ramp,29.380722,29.625944,245.222,13.644,88.431,140.767,2.355,256,1,0.759126
60,ramp,29.625985,29.871377,245.391,13.920,88.406,140.679,2.360,256,1,0.688633
61,ramp,29.871419,30.116460,245.041,13.718,88.340,140.600,2.357,256,1,0.676358
62,steady,30.116501,30.361744,245.243,13.604,88.472,140.795,2.348,256,1,0.766875
63,steady,30.361798,30.606865,245.068,13.733,88.411,140.525,2.375,256,1,0.701414
64,steady,30.606918,30.852061,245.142,13.682,88.387,140.692,2.356,256,1,0.695803
65,steady,30.852112,31.097949,245.836,14.474,88.340,140.630,2.367,256,1,0.686249
66,steady,31.098002,31.343135,245.133,13.703,88.372,140.674,2.358,256,1,0.673862
67,steady,31.343186,31.588464,245.278,13.681,88.513,140.702,2.356,256,1,0.723938
68,steady,31.588514,31.833650,245.135,13.608,88.422,140.737,2.343,256,1,0.686384
69,steady,31.833702,32.078535,244.833,13.357,88.390,140.707,2.354,256,1,0.713096
70,steady,32.078585,32.323655,245.070,13.723,88.323,140.636,2.361,256,1,0.694826
71,steady,32.323708,32.568677,244.969,13.542,88.415,140.634,2.351,256,1,0.702310
72,steady,32.568728,32.814017,245.289,13.723,88.412,140.770,2.357,256,1,0.689279
73,steady,32.814068,33.058983,244.915,13.490,88.351,140.707,2.343,256,1,0.685150
74,steady,33.059035,33.303989,244.954,13.517,88.358,140.707,2.348,256,1,0.680452
75,steady,33.304040,33.549365,245.325,13.903,88.366,140.669,2.362,256,1,0.675500
76,steady,33.549417,33.794554,245.138,13.743,88.324,140.671,2.374,256,1,0.657079
77,steady,33.794606,34.039584,244.978,13.577,88.389,140.659,2.328,256,1,0.677609
78,steady,34.039636,34.284611,244.975,13.541,88.379,140.683,2.347,256,1,0.670406
79,steady,34.284661,34.530351,245.690,14.314,88.377,140.628,2.345,256,1,0.665887
80,steady,34.530401,34.776278,245.877,14.230,88.335,140.933,2.353,256,1,0.780018
81,steady,34.776329,35.021598,245.269,13.782,88.360,140.734,2.367,256,1,0.654287
82,steady,35.021649,35.266961,245.312,13.818,88.318,140.788,2.363,256,1,0.816677
83,steady,35.267012,35.512057,245.045,13.438,88.491,140.732,2.358,256,1,0.651961
84,steady,35.512109,35.757534,245.425,13.749,88.472,140.807,2.372,256,1,0.665065
85,steady,35.757588,36.002387,244.800,13.332,88.347,140.724,2.372,256,1,0.659086
86,steady,36.002438,36.247635,245.197,13.772,88.415,140.630,2.356,256,1,0.643105
87,steady,36.247686,36.492972,245.286,13.912,88.348,140.629,2.372,256,1,0.661813
88,steady,36.493026,36.738130,245.104,13.615,88.395,140.710,2.358,256,1,0.735708
89,steady,36.738182,36.983367,245.185,13.702,88.343,140.767,2.348,256,1,1.906242
90,steady,36.983418,37.228235,244.817,13.432,88.330,140.662,2.367,256,1,0.640733
91,steady,37.228286,37.473535,245.249,13.746,88.393,140.742,2.343,256,1,0.675433
92,steady,37.473588,37.719157,245.569,14.014,88.388,140.779,2.361,256,1,0.663603
93,steady,37.719209,37.964470,245.262,13.819,88.330,140.704,2.383,256,1,0.684537
94,steady,37.964523,38.209955,245.433,13.695,88.479,140.881,2.352,256,1,0.734430
95,steady,38.210008,38.455196,245.189,13.587,88.395,140.822,2.360,256,1,0.665381
96,steady,38.455250,38.700421,245.171,13.703,88.349,140.734,2.360,256,1,0.668504
97,steady,38.700471,38.945820,245.348,13.865,88.376,140.719,2.363,256,1,0.670224
98,steady,38.945871,39.191154,245.282,13.774,88.409,140.715,2.359,256,1,0.667196
99,steady,39.191206,39.436861,245.655,13.962,88.374,140.935,2.359,256,1,0.673944
100,steady,39.436913,39.682248,245.334,13.775,88.403,140.784,2.348,256,1,0.659355
101,steady,39.682362,39.927979,245.617,14.102,88.370,140.763,2.353,256,1,0.671996
102,steady,39.928030,40.172922,244.892,13.327,88.410,140.766,2.361,256,1,0.687935
103,steady,40.172975,40.418626,245.651,14.139,88.345,140.793,2.349,256,1,0.701940
104,steady,40.418679,40.664296,245.618,14.088,88.367,140.765,2.372,256,1,0.651736
105,steady,40.664349,40.909233,244.884,13.323,88.410,140.774,2.352,256,1,0.672669
106,steady,40.909285,41.154862,245.577,14.063,88.333,140.783,2.373,256,1,0.669752
107,steady,41.154915,41.400262,245.347,13.777,88.415,140.775,2.353,256,1,0.727098
108,steady,41.400312,41.645672,245.360,13.708,88.429,140.835,2.363,256,1,0.719557
109,steady,41.645724,41.891502,245.779,13.943,88.402,141.042,2.366,256,1,0.690925
110,steady,41.891555,42.137501,245.946,14.348,88.385,140.841,2.346,256,1,0.677416
111,steady,42.137553,42.382556,245.003,13.226,88.556,140.835,2.362,256,1,0.684625
112,steady,42.382608,42.628493,245.886,14.236,88.454,140.802,2.369,256,1,0.661972
113,steady,42.628543,42.874029,245.486,13.693,88.400,141.007,2.361,256,1,0.818647
114,steady,42.874080,43.119538,245.458,13.854,88.424,140.794,2.360,256,1,0.663932
115,steady,43.119588,43.364891,245.303,13.833,88.376,140.706,2.364,256,1,0.660975
116,steady,43.364942,43.610246,245.304,13.741,88.439,140.749,2.350,256,1,0.650036
117,steady,43.610297,43.855686,245.389,13.868,88.397,140.860,2.239,256,1,0.663562
118,steady,43.855739,44.100709,244.970,13.512,88.491,140.711,2.230,256,1,0.645027
119,steady,44.100760,44.346123,245.363,13.959,88.393,140.762,2.224,256,1,0.668719
120,steady,44.346175,44.591704,245.529,14.059,88.424,140.780,2.239,256,1,0.649580
121,steady,44.591757,44.837438,245.682,14.266,88.403,140.767,2.220,256,1,0.688572
122,steady,44.837490,45.083278,245.788,14.341,88.385,140.809,2.226,256,1,0.675454
123,steady,45.083330,45.328681,245.350,13.912,88.411,140.790,2.211,256,1,0.688153
124,steady,45.328732,45.574412,245.681,13.942,88.543,140.934,2.236,256,1,0.670735
125,steady,45.574464,45.819924,245.459,13.898,88.449,140.854,2.233,256,1,0.666805
126,steady,45.819974,46.067109,247.135,15.640,88.405,140.820,2.245,256,1,0.754426
127,steady,46.067161,46.312452,245.291,13.772,88.456,140.827,2.212,256,1,0.657842
128,steady,46.312504,46.558021,245.517,14.105,88.339,140.825,2.223,256,1,0.721284
129,steady,46.558072,46.803099,245.027,13.541,88.452,140.787,2.220,256,1,0.643865
130,steady,46.803152,47.048656,245.505,14.059,88.433,140.760,2.225,256,1,0.657011
131,steady,47.048706,47.294003,245.297,13.850,88.358,140.850,2.214,256,1,0.652516
132,steady,47.294055,47.540123,246.068,14.425,88.461,140.941,2.214,256,1,0.699185
133,steady,47.540174,47.785869,245.695,14.096,88.526,140.841,2.207,256,1,0.638115
134,steady,47.785920,48.031111,245.191,13.704,88.389,140.866,2.207,256,1,0.646493
135,steady,48.031164,48.279185,248.022,16.430,88.418,140.940,2.209,256,1,0.947113
136,steady,48.279237,48.524221,244.984,13.445,88.414,140.871,2.230,256,1,0.646651
137,steady,48.524272,48.769705,245.433,13.805,88.423,140.944,2.235,256,1,0.660124
138,steady,48.769756,49.015159,245.403,13.876,88.442,140.848,2.212,256,1,0.665694
139,steady,49.015211,49.260647,245.436,13.855,88.473,140.859,2.222,256,1,0.682411
140,steady,49.260699,49.506277,245.578,13.907,88.554,140.880,2.212,256,1,0.686639
141,steady,49.506329,49.751851,245.522,13.948,88.398,140.935,2.215,256,1,0.647994
142,steady,49.751901,49.997275,245.374,13.722,88.498,140.912,2.217,256,1,0.651282
143,steady,49.997340,50.242596,245.256,13.734,88.468,140.797,2.231,256,1,0.680403
144,steady,50.242647,50.487712,245.065,13.544,88.419,140.849,2.228,256,1,0.650854
145,steady,50.487764,50.733025,245.261,13.638,88.404,140.966,2.227,256,1,0.657981
146,steady,50.733084,50.978667,245.583,14.096,88.411,140.812,2.237,256,1,0.694022
147,steady,50.978718,51.223950,245.232,13.656,88.402,140.911,2.238,256,1,0.666075
148,steady,51.224003,51.469847,245.844,14.310,88.406,140.871,2.231,256,1,0.636845
149,steady,51.469901,51.714778,244.877,13.464,88.362,140.787,2.238,256,1,0.637741
150,steady,51.714835,51.960045,245.211,13.641,88.444,140.873,2.227,256,1,0.668075
151,steady,51.960167,52.205420,245.252,13.791,88.403,140.813,2.215,256,1,0.660121
152,steady,52.205471,52.450864,245.393,13.679,88.567,140.896,2.225,256,1,0.642020
153,steady,52.450917,52.696330,245.413,13.823,88.482,140.855,2.227,256,1,0.640065
154,steady,52.696380,52.944339,247.959,16.154,88.553,140.975,2.252,256,1,0.648017
155,steady,52.944391,53.189968,245.577,14.146,88.369,140.805,2.230,256,1,0.649727
156,steady,53.190020,53.436181,246.162,14.406,88.535,140.970,2.225,256,1,0.646517
157,steady,53.436231,53.681761,245.530,13.869,88.445,140.969,2.222,256,1,0.690970
158,steady,53.681813,53.927477,245.663,13.951,88.512,140.948,2.226,256,1,0.640903
159,steady,53.927528,54.172930,245.401,13.817,88.422,140.921,2.216,256,1,0.637622
160,steady,54.172982,54.419369,246.387,14.729,88.485,140.922,2.225,256,1,0.643400
161,steady,54.419419,54.665106,245.687,14.119,88.436,140.891,2.215,256,1,0.657079
162,steady,54.665158,54.912041,246.883,15.229,88.431,140.983,2.214,256,1,0.633247
163,steady,54.912093,55.157374,245.282,13.661,88.559,140.827,2.211,256,1,0.640171
164,steady,55.157425,55.402748,245.322,13.689,88.561,140.819,2.223,256,1,0.685525
165,steady,55.402799,55.647779,244.980,13.495,88.366,140.883,2.211,256,1,0.647012
166,steady,55.647831,55.893933,246.103,14.264,88.523,141.061,2.229,256,1,0.653934
167,steady,55.893986,56.139787,245.801,14.153,88.434,140.981,2.208,256,1,0.647417
168,steady,56.139837,56.385593,245.756,14.156,88.388,140.980,2.207,256,1,0.706019
169,steady,56.385643,56.631777,246.133,14.478,88.504,140.911,2.214,256,1,0.618465
170,steady,56.631828,56.877047,245.219,13.743,88.335,140.909,2.207,256,1,0.660298
171,steady,56.877108,57.122358,245.250,13.732,88.387,140.894,2.212,256,1,0.682741
172,steady,57.122408,57.367674,245.267,13.666,88.411,140.968,2.196,256,1,0.722088
173,steady,57.367725,57.613261,245.536,13.858,88.542,140.899,2.209,256,1,0.693777
174,steady,57.613312,57.858908,245.596,14.239,88.277,140.832,2.221,256,1,0.658025
175,steady,57.858958,58.104326,245.368,13.754,88.411,140.947,2.230,256,1,0.606283
176,steady,58.104376,58.350153,245.777,14.163,88.375,141.005,2.209,256,1,0.613357
177,steady,58.350204,58.596425,246.221,14.524,88.434,141.015,2.223,256,1,0.646394
178,steady,58.596475,58.842236,245.761,14.134,88.344,141.028,2.229,256,1,0.633700
179,steady,58.842286,59.087757,245.471,13.840,88.459,140.936,2.212,256,1,0.621785
180,steady,59.087808,59.333246,245.438,13.714,88.518,140.968,2.213,256,1,0.639349
181,steady,59.333297,59.579348,246.051,14.278,88.548,140.973,2.224,256,1,0.653794
182,steady,59.579398,59.824671,245.273,13.626,88.482,140.913,2.227,256,1,0.659079
183,steady,59.824721,60.071455,246.734,14.868,88.536,141.081,2.225,256,1,0.628217
184,steady,60.071506,60.333667,262.160,30.538,88.430,140.948,2.219,256,1,0.652900
185,steady,60.333717,60.579085,245.367,13.732,88.414,140.969,2.225,256,1,0.605021
186,steady,60.579136,60.826644,247.508,15.874,88.413,140.967,2.229,256,1,0.652336
187,steady,60.826694,61.074721,248.027,16.280,88.502,141.000,2.220,256,1,0.633630
188,steady,61.074770,61.320338,245.569,13.866,88.447,141.012,2.218,256,1,0.623707
189,steady,61.320388,61.565739,245.351,13.635,88.438,141.048,2.206,256,1,0.634937
190,steady,61.565790,61.811302,245.512,13.736,88.493,141.038,2.219,256,1,0.594354
191,steady,61.811352,62.056947,245.595,13.901,88.447,141.011,2.211,256,1,0.603531
192,steady,62.056997,62.302361,245.364,13.631,88.462,141.037,2.209,256,1,0.628250
193,steady,62.302411,62.547988,245.577,13.753,88.539,141.040,2.219,256,1,0.637622
194,steady,62.548040,62.793734,245.695,13.880,88.550,141.008,2.231,256,1,0.600697
195,steady,62.793784,63.039236,245.451,13.543,88.625,141.042,2.215,256,1,0.624475
196,steady,63.039286,63.284883,245.597,13.791,88.443,141.133,2.206,256,1,0.656269
197,steady,63.284933,63.530517,245.584,13.679,88.569,141.108,2.203,256,1,0.602029
198,steady,63.530566,63.776060,245.493,13.824,88.466,140.962,2.215,256,1,0.608601
199,steady,63.776110,64.021411,245.302,13.372,88.541,141.140,2.222,256,1,0.621090
200,steady,64.021462,64.266799,245.337,13.644,88.430,141.019,2.218,256,1,0.600996
201,steady,64.266910,64.512814,245.904,14.146,88.466,141.044,2.218,256,1,0.654935
202,steady,64.512864,64.758348,245.484,13.751,88.487,141.013,2.207,256,1,0.636232
203,steady,64.758397,65.004026,245.629,13.822,88.507,141.060,2.215,256,1,0.585768
204,steady,65.004077,65.253934,249.857,17.988,88.655,140.981,2.207,256,1,0.654621
205,steady,65.253984,65.499524,245.540,13.715,88.499,141.087,2.213,256,1,0.603522
206,steady,65.499574,65.744937,245.363,13.455,88.557,141.118,2.208,256,1,0.628550
207,steady,65.744986,65.990721,245.735,13.921,88.446,141.111,2.231,256,1,0.634869
208,steady,65.990771,66.236388,245.616,13.819,88.462,141.094,2.215,256,1,0.656351
209,steady,66.236438,66.483560,247.121,15.324,88.385,141.176,2.212,256,1,0.625447
210,steady,66.483610,66.729443,245.833,13.879,88.575,141.136,2.216,256,1,0.607737
211,steady,66.729493,66.975142,245.649,13.665,88.648,141.099,2.212,256,1,0.721757
212,steady,66.975192,67.220821,245.629,13.789,88.469,141.140,2.206,256,1,0.607849
213,steady,67.220872,67.466089,245.217,13.383,88.499,141.094,2.216,256,1,0.594951
214,steady,67.466140,67.711510,245.370,13.576,88.508,141.050,2.209,256,1,0.635812
215,steady,67.711562,67.956933,245.371,13.459,88.549,141.112,2.224,256,1,0.647536
216,steady,67.956983,68.202564,245.581,13.735,88.546,141.070,2.205,256,1,0.614141
217,steady,68.202615,68.448203,245.587,13.724,88.466,141.169,2.204,256,1,0.626173
218,steady,68.448255,68.693599,245.344,13.546,88.470,141.093,2.210,256,1,0.617166
219,steady,68.693651,68.939219,245.568,13.745,88.584,140.995,2.216,256,1,0.662205
220,steady,68.939270,69.185370,246.100,14.050,88.613,141.207,2.206,256,1,0.622190
221,steady,69.185421,69.431042,245.622,13.949,88.483,140.959,2.207,256,1,0.613505
222,steady,69.431091,69.677030,245.939,14.099,88.520,141.083,2.213,256,1,0.572094
223,steady,69.677089,69.922793,245.705,13.778,88.504,141.165,2.229,256,1,0.631315
224,steady,69.922846,70.168143,245.297,13.401,88.531,141.127,2.213,256,1,0.607895
225,steady,70.168193,70.414991,246.798,14.956,88.534,141.070,2.213,256,1,0.640286
226,steady,70.415041,70.660812,245.771,13.908,88.491,141.131,2.216,256,1,0.670204
227,steady,70.660863,70.906449,245.586,13.686,88.480,141.190,2.205,256,1,0.620721
228,steady,70.906498,71.152008,245.510,13.833,88.412,141.026,2.213,256,1,0.557082
229,steady,71.152058,71.397791,245.732,13.939,88.495,141.051,2.223,256,1,0.639149
230,steady,71.397842,71.643529,245.688,13.713,88.562,141.180,2.206,256,1,0.636853
231,steady,71.643581,71.890004,246.423,14.416,88.561,141.199,2.221,256,1,0.624453
232,steady,71.890054,72.135964,245.910,14.008,88.559,141.119,2.199,256,1,0.561387
233,steady,72.136014,72.381812,245.797,13.829,88.483,141.251,2.209,256,1,0.639110
234,steady,72.381863,72.627658,245.796,13.843,88.482,141.239,2.206,256,1,0.614998
235,steady,72.627710,72.873216,245.505,13.671,88.515,141.082,2.211,256,1,0.599044
236,steady,72.873268,73.118845,245.578,13.617,88.521,141.197,2.217,256,1,0.598705
237,steady,73.118895,73.364744,245.848,13.824,88.576,141.217,2.206,256,1,0.604768
238,steady,73.364793,73.611098,246.304,14.343,88.526,141.198,2.212,256,1,0.619385
239,steady,73.611149,73.856900,245.751,13.868,88.547,141.103,2.210,256,1,0.597827
240,steady,73.856951,74.102633,245.682,13.751,88.510,141.164,2.232,256,1,0.563972
241,steady,74.102682,74.348211,245.529,13.617,88.533,141.137,2.218,256,1,0.576621
242,steady,74.348262,74.593973,245.711,13.699,88.593,141.177,2.216,256,1,0.609363
243,steady,74.594023,74.840190,246.167,14.208,88.517,141.213,2.204,256,1,0.584147
244,steady,74.840240,75.085910,245.670,13.626,88.581,141.223,2.214,256,1,0.594919
245,steady,75.085961,75.331669,245.708,13.667,88.665,141.136,2.215,256,1,0.660407
246,steady,75.331722,75.577648,245.926,13.885,88.567,141.233,2.216,256,1,0.591778
247,steady,75.577699,75.823208,245.508,13.591,88.517,141.162,2.211,256,1,0.606765
248,steady,75.823259,76.069169,245.910,14.011,88.539,141.121,2.213,256,1,0.591791
249,steady,76.069219,76.315165,245.946,14.036,88.561,141.125,2.200,256,1,0.585758
250,steady,76.315216,76.561058,245.842,13.896,88.570,141.124,2.225,256,1,0.619556
251,steady,76.561183,76.806781,245.598,13.625,88.511,141.220,2.212,256,1,0.580705
252,steady,76.806830,77.052369,245.539,13.506,88.525,141.269,2.215,256,1,0.754567
253,steady,77.052419,77.298119,245.700,13.602,88.690,141.169,2.214,256,1,0.576595
254,steady,77.298170,77.543932,245.762,13.779,88.543,141.192,2.221,256,1,0.567544
255,steady,77.543983,77.790277,246.295,14.394,88.506,141.160,2.209,256,1,0.612243
256,steady,77.790328,78.035979,245.650,13.708,88.423,141.284,2.209,256,1,0.648497
257,steady,78.036029,78.282246,246.217,14.176,88.538,141.262,2.216,256,1,0.675999
258,steady,78.282297,78.527911,245.614,13.514,88.613,141.249,2.212,256,1,0.578991
259,steady,78.527961,78.773865,245.904,13.807,88.562,141.297,2.212,256,1,0.634123
260,steady,78.773917,79.019673,245.756,13.807,88.625,141.088,2.209,256,1,0.583919
261,steady,79.019722,79.265778,246.056,13.942,88.564,141.312,2.211,256,1,0.572462
262,steady,79.265829,79.511705,245.876,13.826,88.520,141.290,2.214,256,1,0.591611
263,steady,79.511756,79.757408,245.652,13.709,88.538,141.172,2.207,256,1,0.598554
264,steady,79.757458,80.003174,245.716,13.682,88.600,141.193,2.214,256,1,0.553850
265,steady,80.003226,80.249152,245.926,14.071,88.441,141.178,2.210,256,1,0.550794
266,steady,80.249202,80.494929,245.727,13.635,88.595,141.244,2.225,256,1,0.574170
267,steady,80.494979,80.740750,245.770,13.691,88.558,141.277,2.218,256,1,0.574098
268,steady,80.740801,80.986804,246.003,13.784,88.556,141.411,2.225,256,1,0.531452
269,steady,80.986854,81.232485,245.631,13.792,88.507,141.101,2.205,256,1,0.577667
270,steady,81.232536,81.478303,245.768,13.787,88.638,141.085,2.231,256,1,0.545479
271,steady,81.478356,81.723961,245.605,13.747,88.486,141.136,2.211,256,1,0.586583
272,steady,81.724011,81.969685,245.674,13.925,88.436,141.067,2.220,256,1,0.539462
273,steady,81.969736,82.215446,245.710,13.862,88.493,141.114,2.214,256,1,0.578190
274,steady,82.215497,82.460946,245.449,13.606,88.399,141.198,2.220,256,1,0.627848
275,steady,82.460997,82.706255,245.258,13.260,88.612,141.152,2.209,256,1,0.566699
276,steady,82.706306,82.951903,245.597,13.688,88.616,141.058,2.209,256,1,0.530930
277,steady,82.951952,83.197555,245.603,13.752,88.584,141.030,2.210,256,1,0.540219
278,steady,83.197605,83.443290,245.685,13.738,88.468,141.231,2.221,256,1,0.605565
279,steady,83.443342,83.688426,245.084,13.416,88.440,140.989,2.212,256,1,0.517104
280,steady,83.688478,83.936057,247.579,15.779,88.443,141.094,2.238,256,1,0.614895
281,steady,83.936107,84.181668,245.561,13.483,88.574,141.261,2.217,256,1,0.549754
282,steady,84.181718,84.427146,245.429,13.408,88.520,141.267,2.207,256,1,0.559257
283,steady,84.427196,84.673075,245.879,13.818,88.484,141.329,2.215,256,1,0.562766
284,steady,84.673125,84.919401,246.276,14.242,88.508,141.280,2.218,256,1,0.555815
285,steady,84.919451,85.164962,245.511,13.534,88.566,141.166,2.221,256,1,0.621344
286,steady,85.165011,85.410757,245.746,13.829,88.540,141.123,2.229,256,1,0.580462
287,steady,85.410806,85.656832,246.026,14.119,88.539,141.124,2.219,256,1,0.523937
288,steady,85.656881,85.903429,246.548,14.601,88.520,141.186,2.215,256,1,0.579640
289,steady,85.903480,86.149126,245.646,13.719,88.565,141.122,2.213,256,1,0.620149
290,steady,86.149175,86.395002,245.827,13.812,88.573,141.191,2.224,256,1,0.711118
291,steady,86.395052,86.641102,246.050,13.992,88.571,141.245,2.215,256,1,0.545579
292,steady,86.641153,86.888183,247.030,15.091,88.573,141.128,2.214,256,1,0.514432
293,steady,86.888234,87.133738,245.504,13.641,88.510,141.105,2.221,256,1,0.556445
294,steady,87.133788,87.382392,248.603,16.683,88.544,141.125,2.224,256,1,0.587542
295,steady,87.382442,87.628308,245.867,13.785,88.564,141.270,2.222,256,1,0.574225
296,steady,87.628357,87.874053,245.696,13.712,88.493,141.251,2.215,256,1,0.584798
297,steady,87.874104,88.120162,246.058,13.854,88.626,141.338,2.214,256,1,0.585066
298,steady,88.120212,88.365344,245.132,13.293,88.498,141.087,2.229,256,1,0.562323
299,steady,88.365394,88.611030,245.636,13.718,88.491,141.173,2.229,256,1,0.595433
300,steady,88.611079,88.857031,245.952,14.012,88.477,141.218,2.219,256,1,0.531433
301,steady,88.857158,89.102937,245.780,13.719,88.414,141.385,2.231,256,1,0.603660
302,steady,89.102988,89.348515,245.527,13.571,88.503,141.208,2.217,256,1,0.559223
303,steady,89.348571,89.594520,245.948,13.958,88.449,141.267,2.246,256,1,0.589725
304,steady,89.594574,89.840698,246.125,14.082,88.518,141.268,2.228,256,1,0.594257
305,steady,89.840752,90.086884,246.132,13.984,88.633,141.239,2.247,256,1,0.542734
