slide_idx,slide_id,format,bytes_written,t_write_start_s,t_write_end_s,write_ms
0,TCGA-A1-A0SH-01Z-00-DX1.90E71B08-E1D9-4FC2-85AC-062E56DDF17C,tiff5x,5993046,34.933496,36.649343,1715.846
1,TCGA-A2-A0EO-01Z-00-DX1.D7A09E23-2CAB-4B3B-814C-BF0BA75B7589,tiff5x,6818193,79.741083,81.390355,1649.271
2,TCGA-A2-A0ER-01Z-00-DX1.18123C1B-A0CC-4957-9373-5FFAB985C2E8,tiff5x,5425071,111.193229,112.457674,1264.444
3,TCGA-A2-A0EY-01Z-00-DX1.2F2428B3-0767-48E0-AC22-443C244CBD16,tiff5x,14604892,212.274795,215.212684,2937.889
4,TCGA-A2-A0SW-01Z-00-DX1.E1EA0407-B831-4D75-826E-80B82B821797,tiff5x,7403322,256.090355,258.909440,2819.084
5,TCGA-A2-A1FV-01Z-00-DX1.F70ACD9A-7819-4296-BD28-4D24BBA8AFF4,tiff5x,11794189,330.403720,333.532365,3128.644
6,TCGA-A2-A1G1-01Z-00-DX1.E52A474F-DE13-41CF-94D4-D00BAC46ECF4,tiff5x,3451348,351.658334,352.783616,1125.281
7,TCGA-A7-A13F-01Z-00-DX1.AB4ADDD3-8E1C-4AB9-813E-D137A2CFB950,tiff5x,3706213,376.721168,377.683355,962.186
8,TCGA-A7-A426-01Z-00-DX1.3058E873-9442-4872-80DA-E8A5B35054D2,tiff5x,3301144,400.234955,401.709625,1474.670
9,TCGA-A7-A4SB-01Z-00-DX1.E8925605-5189-441E-A719-92CFC1118B0B,tiff5x,1713465,409.790378,411.654627,1864.249
10,TCGA-A8-A06N-01Z-00-DX1.E25E65F8-DFE0-47CF-9FAB-B82EE8E321F7,tiff5x,2544895,424.311934,424.810121,498.187
11,TCGA-A8-A076-01Z-00-DX1.BAAC4F9C-0C04-42FB-95F4-D765305089B8,tiff5x,3066247,440.822055,442.186221,1364.165
12,TCGA-A8-A07B-01Z-00-DX1.950B5E4E-C5F0-4445-9F88-E8C32CDFE6DA,tiff5x,1335405,450.304108,450.601808,297.699
13,TCGA-A8-A07L-01Z-00-DX1.D9E1051F-724E-4E88-940A-C97005DC5BEB,tiff5x,1401588,458.065165,458.351743,286.577
14,TCGA-A8-A084-01Z-00-DX1.2B52D1B8-5AD4-4BD6-ADF7-9D65B8EE2621,tiff5x,2587279,472.245232,472.761791,516.559
15,TCGA-A8-A090-01Z-00-DX1.01574070-D65E-486F-B69D-0F8E3816D057,tiff5x,1416078,478.754811,479.043547,288.735
16,TCGA-A8-A0A2-01Z-00-DX1.47BCDF13-1065-466A-B7CB-F91F5EAD7D91,tiff5x,1800078,486.508363,487.365951,857.587
17,TCGA-AC-A3TN-01Z-00-DX1.F00E81C7-0CA2-49E8-A30F-DE423538E93C,tiff5x,3538456,504.123107,504.953045,829.938
18,TCGA-AN-A0AT-01Z-00-DX1.DFD68CD2-C25E-47BE-BC06-8CE3C657B9FD,tiff5x,6905740,545.651788,548.212330,2560.541
19,TCGA-AN-A0FT-01Z-00-DX1.6F263AB3-FB1D-4056-AEC2-4F163017324F,tiff5x,3504384,571.244845,572.860202,1615.357
20,TCGA-AQ-A54O-01Z-00-DX1.85AB0AC4-47BB-4CD8-B7FB-5928108864AC,tiff5x,11649122,641.146496,644.184201,3037.704
21,TCGA-AR-A0U1-01Z-00-DX1.276433E7-E841-42D2-AF21-762F2FEA3B9B,tiff5x,5514205,677.884870,679.342635,1457.764
22,TCGA-AR-A24U-01Z-00-DX1.220FD0D0-0DB6-4E3C-92A0-66CD6509F0AD,tiff5x,6579945,716.515566,718.262168,1746.601
23,TCGA-AR-A252-01Z-00-DX1.2E7EE069-A0B8-489B-A2F0-3175FB58F468,tiff5x,9514282,774.395082,777.384488,2989.405
24,TCGA-AR-A2LE-01Z-00-DX1.E8E1FC5C-9A4A-463F-81D7-E9A8AF43EAD9,tiff5x,3364255,797.050731,797.980664,929.932
25,TCGA-AR-A2LN-01Z-00-DX1.3EF43524-28B8-4326-9356-6BCBC63A1DA8,tiff5x,8339273,848.752743,851.762309,3009.566
26,TCGA-B6-A0I2-01Z-00-DX1.885D2034-73B7-48AE-8343-631F89061C38,tiff5x,5674648,890.144098,891.801488,1657.390
27,TCGA-B6-A0IH-01Z-00-DX1.3463B12E-D1B0-4FB2-B257-BFD63BA2B6BF,tiff5x,11767097,976.291999,979.293737,3001.738
28,TCGA-B6-A0WW-01Z-00-DX1.64048633-1D1A-4074-8C50-7641159355DB,tiff5x,12344603,1074.430660,1076.951378,2520.717
29,TCGA-BH-A0BS-01Z-00-DX1.FEE32127-4D0B-4560-A39C-4EAA5B189B70,tiff5x,9862472,1131.354900,1133.857214,2502.313
30,TCGA-BH-A0DX-01Z-00-DX1.45C27E71-9A0A-400E-93A9-5CE7780F3C5E,tiff5x,5416531,1153.923437,1156.170130,2246.692
31,TCGA-BH-A0E7-01Z-00-DX1.7FEE54C4-3795-403C-85B9-FF932BE56788,tiff5x,6406713,1185.476661,1187.343793,1867.131
32,TCGA-BH-A0HQ-01Z-00-DX1.0921FCEF-20A2-4D4B-A198-91AF9F6C814C,tiff5x,8084349,1234.397453,1236.211231,1813.778
33,TCGA-BH-A0W5-01Z-00-DX1.84EA3913-667B-4694-A0F0-E629CAC615C8,tiff5x,9012202,1286.541400,1288.869146,2327.745
34,TCGA-C8-A26V-01Z-00-DX1.6E86DF74-D575-4969-8142-963D9DF5208F,tiff5x,5739399,1322.993547,1324.020013,1026.466
35,TCGA-C8-A275-01Z-00-DX1.44D27E67-4DD6-4893-B38A-01E48F5A358A,tiff5x,7762006,1369.889712,1371.187733,1298.020
36,TCGA-C8-A8HR-01Z-00-DX1.8E841CA8-1CE2-4242-AC5A-3247075CF8F4,tiff5x,3603974,1391.270994,1391.887623,616.629
37,TCGA-D8-A1JI-01Z-00-DX2.E688E270-26C9-43EC-BC26-86BF8B74A31D,tiff5x,5705444,1424.249387,1425.410524,1161.137
38,TCGA-D8-A1JM-01Z-00-DX1.3CD15BC8-08B3-4BEE-9FD7-A8BEED33268E,tiff5x,6553417,1470.472335,1471.890345,1418.010
39,TCGA-D8-A1XT-01Z-00-DX1.9E4DEEEB-AB0A-45F6-A69B-65B3E6F22D46,tiff5x,10634909,1531.169243,1535.074318,3905.074
40,TCGA-D8-A1XV-01Z-00-DX2.D1988E01-5FDC-4F50-8183-F0CCE74D0CB2,tiff5x,7195107,1577.713042,1579.427012,1713.970
41,TCGA-E2-A15E-06Z-00-DX1.D394A007-91A2-4445-9B4A-1629EE684A51,tiff5x,9909697,1638.772884,1641.647958,2875.073
42,TCGA-E2-A15J-01Z-00-DX1.BF7901D1-30B1-4A76-B0A5-E9B8B36EF4C9,tiff5x,9341702,1697.643445,1699.927395,2283.950
43,TCGA-E2-A15K-01Z-00-DX1.9F424BE2-9BFE-4DFF-8CC9-10D2DADBBEA7,tiff5x,4484726,1721.778656,1723.287258,1508.601
44,TCGA-E9-A1N8-01Z-00-DX1.1243AB1C-75A3-4A5E-9674-53992E6DD377,tiff5x,6361431,1766.244188,1767.873430,1629.242
45,TCGA-E9-A1RD-01Z-00-DX1.34083668-cbd2-4610-b857-d50ee9f3e5bd,tiff5x,5117118,1800.409353,1801.555178,1145.824
46,TCGA-GM-A2DN-01Z-00-DX1.593003B0-BA87-486B-B472-D6B85867D54D,tiff5x,6888618,1839.728571,1841.569081,1840.509
47,TCGA-PE-A5DC-01Z-00-DX1.8E6953AD-C14A-43F5-B062-E31AB13C7BDF,tiff5x,3998557,1864.446151,1865.475522,1029.371
48,TCGA-S3-AA12-01Z-00-DX1.2A991B9F-E7E6-410B-B0BF-635E3CC40C7E,tiff5x,10855481,1937.300690,1939.605053,2304.363
49,TCGA-Z7-A8R6-01Z-00-DX1.CE4ED818-D762-4324-9DEA-2ACB38B9B0B9,tiff5x,9179528,2001.572086,2003.857141,2285.054
