dataset,backend,n_processes,num_workers,batch_size,sorted_from_name,coldref_from_name,run_dir,run_start_utc,run_end_utc,window_s,tiles_steady,tiles_per_sec_steady,cache_hit_rate,errors,unique_slides_read,rdma_xmit_dev,rdma_xmit_sustained_bps,rdma_rcv_dev,rdma_rcv_sustained_bps,weka_read_sustained_bps,weka_ops_sustained,agg_cpu_busy_ex_dpdk_sustained_pct,agg_cpu_busy_ex_dpdk_p95_pct,agg_cpu_busy_ex_dpdk_max_pct,status
camelyon16,cucim,1,16,4,False,False,2026-08-17-083058-weka-s4.B-tilesread-camelyon16-cucim-N1-nw16-bs4,2026-08-17T08:31:03Z,2026-08-17T08:32:15Z,72.0,91396,1523.2666666666667,0.8704448873678737,0,399,,,,,1589508.4749999999,153.16643317546155,7.021732954545454,8.038295454545455,8.52909090909091,OK
camelyon16,cucim,4,16,4,False,False,2026-08-17-083513-weka-s4.B-tilesread-camelyon16-cucim-N4-nw16-bs4,2026-08-17T08:35:18Z,2026-08-17T08:36:32Z,74.0,340172,5669.533333333334,0.8733904929257341,0,399,,,,,2310733.230526316,484.1998203119403,26.089109589041097,28.17340909090909,28.482045454545457,OK
camelyon16,cucim,16,16,4,False,False,2026-08-17-082924-weka-s4.B-tilesread-camelyon16-cucim-N16-nw16-bs4,2026-08-17T08:29:28Z,2026-08-17T08:30:52Z,84.0,826048,13767.466666666667,0.8740307770612755,0,399,,,,,21073226.648421053,893.6128862846863,76.8141189674523,87.12579545454545,87.2528409090909,OK
camelyon16,cucim,16,16,4,False,True,2026-08-17-083951-weka-s4.B-tilesread-camelyon16-cucim-N16-nw16-bs4-coldref,2026-08-17T08:40:22Z,2026-08-17T08:41:46Z,84.0,784340,13072.333333333334,0.8740431606789361,0,399,,,,,1764962999.5611594,12897.230804336377,76.15426066217732,86.59386363636364,86.83397727272728,OK
camelyon16,cucim,64,16,4,False,False,2026-08-17-083221-weka-s4.B-tilesread-camelyon16-cucim-N64-nw16-bs4,2026-08-17T08:32:26Z,2026-08-17T08:35:06Z,160.0,1591660,26527.666666666668,0.8743387542768029,0,399,,,,,6256354.04972973,739.4906213083999,83.70034772727273,98.1196590909091,98.4228409090909,OK
camelyon16,cucim,64,16,4,False,True,2026-08-17-083639-weka-s4.B-tilesread-camelyon16-cucim-N64-nw16-bs4-coldref,2026-08-17T08:37:09Z,2026-08-17T08:39:45Z,156.0,1411204,23520.066666666666,0.8745929425900035,0,399,,,,,1189409324.882768,8338.609946668104,77.88431894447834,97.93818181818182,98.2365909090909,OK
camelyon16,openslide,1,,,False,False,2026-08-17-081655-weka-s4.B-tilesread-camelyon16-openslide-N1,2026-08-17T08:17:00Z,2026-08-17T08:18:11Z,71.0,15850,264.1666666666667,0.8707732069780592,0,297,,,,,2423979.882,3469.375403713442,1.3107260101010099,1.4903409090909092,1.7235227272727272,OK
camelyon16,openslide,4,,,False,False,2026-08-17-082048-weka-s4.B-tilesread-camelyon16-openslide-N4,2026-08-17T08:20:53Z,2026-08-17T08:22:04Z,71.0,64500,1075.0,0.8734419942473168,0,399,,,,,2133983.17,14177.296333428572,4.49362391033624,4.876931818181817,5.226477272727272,OK
camelyon16,openslide,16,,,False,False,2026-08-17-082210-weka-s4.B-tilesread-camelyon16-openslide-N16,2026-08-17T08:22:15Z,2026-08-17T08:23:28Z,73.0,257141,4285.683333333333,0.8744003314045825,0,399,,,,,781174.9633333334,55331.9130222,17.23083592777086,18.09931818181818,18.58113636363636,OK
camelyon16,openslide,64,,,False,False,2026-08-17-081519-weka-s4.B-tilesread-camelyon16-openslide-N64,2026-08-17T08:15:24Z,2026-08-17T08:16:49Z,85.0,714171,11902.85,0.875357872211524,0,399,,,,,3437232730.12,138316.15610412433,59.95713474025973,71.67681818181819,71.92761363636363,OK
camelyon16,openslide,64,,,False,True,2026-08-17-082725-weka-s4.B-tilesread-camelyon16-openslide-N64-coldref,2026-08-17T08:27:55Z,2026-08-17T08:29:18Z,83.0,713367,11889.45,0.8752083689780712,0,399,,,,,3384744774.187561,138429.92763616215,61.07040188470067,71.61125,71.70670454545454,OK
camelyon16,openslide,256,,,False,False,2026-08-17-081817-weka-s4.B-tilesread-camelyon16-openslide-N256,2026-08-17T08:18:22Z,2026-08-17T08:20:41Z,139.0,1308915,21815.25,0.8744439288632422,0,399,,,,,12332315.012403846,144846.01213579832,83.1701111660079,99.40920454545454,100.0,OK
camelyon16,openslide,256,,,False,True,2026-08-17-082335-weka-s4.B-tilesread-camelyon16-openslide-N256-coldref,2026-08-17T08:24:56Z,2026-08-17T08:27:18Z,142.0,1308587,21809.783333333333,0.8745889172079234,0,399,,,,,3617259743.8476315,142096.90475945832,81.90103401031593,99.36363636363636,99.97727272727273,OK
tcga-brca,cucim,1,16,4,False,False,2026-08-17-080029-weka-s4.B-tilesread-tcga-brca-cucim-N1-nw16-bs4,2026-08-17T08:00:37Z,2026-08-17T08:01:50Z,73.0,89384,1489.7333333333333,0.8718025993595452,0,1040,,,,,503983075.6521951,4434.05754801875,10.448491161616163,11.785227272727274,12.085,OK
tcga-brca,cucim,4,16,4,False,False,2026-08-17-080515-weka-s4.B-tilesread-tcga-brca-cucim-N4-nw16-bs4,2026-08-17T08:05:20Z,2026-08-17T08:06:35Z,75.0,325608,5426.8,0.8750235193276517,0,1131,,,,,945051186.9365909,16137.360839546136,39.21600871731008,42.35636363636364,43.46761363636364,OK
tcga-brca,cucim,16,16,4,False,False,2026-08-17-075852-weka-s4.B-tilesread-tcga-brca-cucim-N16-nw16-bs4,2026-08-17T07:58:57Z,2026-08-17T08:00:23Z,86.0,562444,9374.066666666668,0.8739110662248867,0,1131,,,,,3632741825.245942,46615.54054399566,85.57069844789356,94.66579545454546,95.08534090909092,OK
tcga-brca,cucim,16,16,4,False,True,2026-08-17-081158-weka-s4.B-tilesread-tcga-brca-cucim-N16-nw16-bs4-coldref,2026-08-17T08:13:47Z,2026-08-17T08:15:13Z,86.0,549128,9152.133333333333,0.8740276376778356,0,1131,,,,,4343390507.9586115,64441.59292234789,84.23016840087624,94.64011363636364,94.8775,OK
tcga-brca,cucim,64,16,4,False,False,2026-08-17-080156-weka-s4.B-tilesread-tcga-brca-cucim-N64-nw16-bs4,2026-08-17T08:02:01Z,2026-08-17T08:05:08Z,187.0,1322844,22047.4,0.8756240818581514,0,1131,,,,,2150377162.333548,26136.675377707998,89.52065134586084,97.19568181818181,97.63761363636364,OK
tcga-brca,cucim,64,16,4,False,True,2026-08-17-080641-weka-s4.B-tilesread-tcga-brca-cucim-N64-nw16-bs4-coldref,2026-08-17T08:08:40Z,2026-08-17T08:11:50Z,190.0,1262556,21042.6,0.8756547366601181,0,1131,,,,,4366576882.483699,50505.999675369865,87.68400197628458,95.76943181818181,96.13102272727274,OK
tcga-brca,openslide,1,,,False,False,2026-08-17-073734-weka-s4.B-tilesread-tcga-brca-openslide-N1,2026-08-17T07:37:39Z,2026-08-17T07:38:50Z,71.0,6040,100.66666666666667,0.8764108352139524,0,169,,,,,61886597.1896,3790.5571494547157,1.3198801369863014,1.4954545454545451,1.5778409090909093,OK
tcga-brca,openslide,4,,,False,False,2026-08-17-074300-weka-s4.B-tilesread-tcga-brca-openslide-N4,2026-08-17T07:43:06Z,2026-08-17T07:44:18Z,72.0,26123,435.3833333333333,0.875198307773549,0,599,,,,,128924035.19173913,15088.291528732309,4.7320009213759215,5.8725,5.973750000000001,OK
tcga-brca,openslide,16,,,False,False,2026-08-17-074424-weka-s4.B-tilesread-tcga-brca-openslide-N16,2026-08-17T07:44:29Z,2026-08-17T07:45:47Z,78.0,102227,1703.7833333333333,0.8760202881998966,0,1065,,,,,483710523.26461536,56047.641986620285,16.34025678866588,18.110227272727272,18.548522727272726,OK
tcga-brca,openslide,64,,,False,False,2026-08-17-073538-weka-s4.B-tilesread-tcga-brca-openslide-N64,2026-08-17T07:35:43Z,2026-08-17T07:37:28Z,105.0,248994,4149.9,0.8761806699615475,0,1130,,,,,2443766825.1944942,147350.00340205617,50.11918706293706,71.96079545454546,72.1984090909091,OK
tcga-brca,openslide,64,,,False,True,2026-08-17-075538-weka-s4.B-tilesread-tcga-brca-openslide-N64-coldref,2026-08-17T07:57:06Z,2026-08-17T07:58:46Z,100.0,247398,4123.3,0.876058911466684,0,1130,,,,,2581245782.4135227,147557.54511900342,51.92261131725417,71.86204545454545,72.01897727272727,OK
tcga-brca,openslide,256,,,False,False,2026-08-17-073856-weka-s4.B-tilesread-tcga-brca-openslide-N256,2026-08-17T07:39:01Z,2026-08-17T07:42:53Z,232.0,773716,12895.266666666666,0.874419279907081,0,1131,,,,,1808417082.0137572,161593.12345917328,76.42986692583732,97.40670454545456,100.0,OK
tcga-brca,openslide,256,,,False,True,2026-08-17-074553-weka-s4.B-tilesread-tcga-brca-openslide-N256-coldref,2026-08-17T07:51:41Z,2026-08-17T07:55:30Z,229.0,732706,12211.766666666666,0.8744987257326996,0,1131,,,,,2536826611.16565,172093.549869085,76.44465909090908,97.1406818181818,100.0,OK
