id	filename	md5	size	state
efe350a4-9648-426f-b043-e548cfb19904	TCGA-A2-A04U-01Z-00-DX1.06D17357-46A8-4DC3-A22B-2F4EB6EE3F79.svs	9b3ecd0750f4a2502ccb92938fbb00ca	1160011563	released
1c8e9a67-912a-4c69-965a-6b2f0e71eb30	TCGA-A2-A0CV-01Z-00-DX1.B02D017A-61CD-45FE-BB31-705CD127DDAB.svs	15d7c9e56889b0d30227f3e95bd06433	1572066783	released
efced7b6-fd75-43ea-935e-da2b80d32380	TCGA-A2-A0EW-01Z-00-DX1.F24495CB-63D8-483F-9834-F761E3F16BF0.svs	4c3d145b3f49cdeb2121e3c98bd74148	810982225	released
d7b22b47-dd32-47d0-ad5d-b7271feda28c	TCGA-A2-A3XS-01Z-00-DX1.867925C0-91D8-40A0-9FEA-25A635AC31E7.svs	5435182c627d8c328c4712910cd7c273	512122689	released
bce663ea-ce5b-4b2b-887d-4c1cd069890b	TCGA-A2-A4S0-01Z-00-DX1.5878187D-325F-4274-BE41-86BB2BA5F841.svs	e08919a79ee441ddab9ba8cefb1a47fd	1137464271	released
ff1e9802-1dc1-410f-9cb1-4ddfad8679b8	TCGA-A7-A0DB-01Z-00-DX2.6C6A5F9C-294F-4A86-A0F1-B68D4729B535.svs	d3a0e15e3658941e005ef76b30b818f4	480175459	released
6f2fa6e0-1e06-413c-a5ea-e3cddf24f1be	TCGA-A7-A2KD-01Z-00-DX1.BFF2DFC8-1D95-4DC2-98FC-5BD7D7C6CDF5.svs	91cc84aea07e5d657cff549880f59d37	1054498032	released
b1ea5560-0ac6-4cc8-a73e-73e688739452	TCGA-A8-A07I-01Z-00-DX1.37E7BB2E-8210-4216-B75F-0FD06D6C9AE3.svs	3c0a7a50c3cf635cd60d575c65049c27	897661108	released
4f6f7319-d432-41f5-9034-0d2faee02a28	TCGA-A8-A07P-01Z-00-DX1.2C7C75EF-EEE2-4A42-994C-A1A40850C87A.svs	1e14867878d3e8b4a9fe70e8bc5b3eb4	344395016	released
81990d74-6013-4a15-a18a-62dac734d8e5	TCGA-A8-A08F-01Z-00-DX1.9D2222F6-1425-46FD-BC94-728EF835FAC2.svs	c68c0b0cb2e8f58171abcbba53f1115d	543662184	released
7d404664-de0a-4e4f-8237-67e1d1620433	TCGA-A8-A09R-01Z-00-DX1.392580F3-0CE5-4EDB-91CF-814AAD0DB649.svs	3b087766b186f292648d4f54e11aea81	683551340	released
aa620e51-58be-41aa-91c0-d944c5e8c09e	TCGA-A8-A0A4-01Z-00-DX1.06C38F98-F34B-49F0-AFB5-7F0086188346.svs	9461f735920a60356360c735d14203fc	502403830	released
13078574-0f19-4851-a085-493e7f95f59d	TCGA-AN-A0FS-01Z-00-DX1.104368C2-28DA-4E43-8B27-78336AD5ABC8.svs	8aeaa03e2b21208f929dcd2277138341	627299629	released
01dbcd23-40da-4f7e-9c48-8cdf11724863	TCGA-AO-A0J5-01Z-00-DX1.20C14D0C-1A74-4FE9-A5E6-BDDCB8DE7714.svs	93d7500a6aa8c11097fdab6d6dc8429b	930286458	released
069a8f13-04e2-41c7-ab64-90a465c7c4bc	TCGA-AR-A0TQ-01Z-00-DX1.2BEA298C-6B3D-4133-ADBC-769E62CEFFA0.svs	2e166121909186319ce8098cdffe0365	534262405	released
3b176f0f-3fb7-4204-bc71-e6e169ee9583	TCGA-AR-A1AM-01Z-00-DX1.B3F006D9-9386-41E5-B0B1-B0832EE104A0.svs	87a7f012f2e8049cf88deb6d25fc2ae1	380101491	released
2ae908e6-e9a4-4d4e-a527-656c03b241a1	TCGA-AR-A1AT-01Z-00-DX1.6ED69002-2CC1-4AD4-9573-B245D7C2D060.svs	c4b404cacd461873eb9ea84f387a561e	1476667445	released
f742e4dc-011b-43f9-a675-b3864037f2c0	TCGA-AR-A24T-01Z-00-DX1.3B325D54-38EC-4E16-BDE1-628894CC15AA.svs	95336e02761bb705ac251bca22d6ac72	1772821673	released
d8613b7b-5c56-4607-bf19-3f2d9ec333e1	TCGA-AR-A254-01Z-00-DX1.EA5CD008-1106-41EC-998A-04EF08EEEC9D.svs	681b59a7eca14a74800271f54067b7c7	1065926627	released
8d7a3874-4b3b-4866-aa99-2ac27490656c	TCGA-AR-A5QQ-01Z-00-DX1.4185D6D2-498E-4E71-8CB3-EDB4739C6229.svs	03ab91eb621e70a901a3d92613e50f59	1727494565	released
ded10b7f-e408-4b52-b735-dfc530e6bc5f	TCGA-B6-A1KI-01Z-00-DX1.EFAA08A8-02EC-4A9B-AC6B-79BF2DC5A2AA.svs	5cd5b94b10ed6df271460e33954ff967	1026164573	released
00d39e31-94d4-4e9e-a8c5-5310355f71ad	TCGA-BH-A0B5-01Z-00-DX1.742DB0E8-8EB1-47C8-B698-8E2438FB6299.svs	0ea21b1e13bbc45f43344a8c3eb2415a	1126224915	released
d62abc01-ec17-4ea4-abdf-d7ed758abb50	TCGA-BH-A0BR-01Z-00-DX1.F7912887-8AE9-4391-9B83-9AC7B4FF38EF.svs	9b37daf0b6005671a908b8b6e02c3c07	742599605	released
36c5fcb4-8df6-448d-9521-7e15fe1b7633	TCGA-BH-A18G-01Z-00-DX1.DB2B5819-CE83-4E07-BD03-2CD9CF2E246C.svs	91e3b86dc9dab4b7546f544604011ca3	346809905	released
804dddc1-726b-4ee8-9b02-cb8d4e46e0d5	TCGA-BH-A1EV-01Z-00-DX1.106CF220-1D7D-40DD-88B2-A7F00B758F8F.svs	11a370a51ea75463907ac345ef73fbb1	1309289115	released
e1af8899-f47a-4599-9f8e-f152c0056b45	TCGA-BH-A1EW-01Z-00-DX1.A6A5F9C5-FB97-4DA3-A1EA-1F84BC006681.svs	19db5bb8563a82ceff61516adff8d726	1198113167	released
adf3d973-0cab-4983-bec9-d52f06a2fd52	TCGA-BH-A28Q-01Z-00-DX1.C6D1CA93-6B2A-4722-9270-5D56592D833D.svs	95925673c04b4d67a9ce9e02c1ea943d	2180366415	released
56f36b87-7402-4b3c-b18d-d10e56e2435d	TCGA-BH-A2L8-01Z-00-DX1.ACA51CA9-3C38-48A6-B4A9-C12FFAB9AB56.svs	412f2cccfa643de759fcb2e5b360f964	2252985725	released
c0a952a1-88ea-43ac-a6db-4f40a5684630	TCGA-BH-A42U-01Z-00-DX1.130D060A-3DD8-407E-B8B0-EBBF743491AE.svs	c55e51ca263bc0d85da1b25aa60c86dd	1640645063	released
b411c802-4c8d-4b65-8eee-72a538f14f65	TCGA-C8-A12Q-01Z-00-DX1.CE74E5B7-FD30-4CBE-8716-ECCF2213AAC3.svs	69e6ca0e1bd272bef529229b65bcc265	857550913	released
c92280a3-2025-463e-b791-1946c09964dd	TCGA-C8-A12V-01Z-00-DX1.84B29360-B87B-4648-A697-B6610336C2BB.svs	28797623aabac0474f91328b9c8adb43	1318438387	released
1f655c4a-0e64-4d6e-b016-b134905d773b	TCGA-D8-A142-01Z-00-DX1.F6D58989-9120-40C9-918D-6B1650C1A8E8.svs	aaedf4acb9cf41c3c819ff1456998b72	1286239095	released
bda827b2-0471-4e0f-8709-4d464fbf6cb4	TCGA-D8-A1J9-01Z-00-DX2.E1C59487-9563-4501-845F-2067A0C5C59B.svs	71886fac2281bd4f7f2dfce2ab6ae77b	896117759	released
0690adaa-a9b6-4d46-85fc-95f3d1d0a36d	TCGA-D8-A1JC-01Z-00-DX1.16D32FE8-4D76-4EEC-9739-D394087605BC.svs	a5dff266d7d0674fe79000ce812bb02f	792969147	released
85cfb6b8-3bc7-431f-b933-b2b2fa1aed6f	TCGA-D8-A1XC-01Z-00-DX1.E7494388-838B-4D35-9CA1-77017CBE77F2.svs	0dcf0bd65cac69a157d54d4a97f3f94f	1250877233	released
22fddedb-f726-4c11-9ce7-080be5658746	TCGA-D8-A27I-01Z-00-DX1.ACAE0048-7AF0-41C9-992B-6ACDABF80B1C.svs	618109e4c623478a7a780f1267bf3144	545973123	released
e7e631fd-9fab-41af-aa9a-f6501a29af8b	TCGA-D8-A73U-01Z-00-DX1.6ECEF7C0-00CC-4AC2-87BD-DBFB6E0DC042.svs	cf7d8878d33342d6577669fa917acc51	676197071	released
531d9a9e-8db6-4f21-966c-3fb2a3e476ea	TCGA-E2-A1B5-01Z-00-DX1.AB19FF3D-5C42-4D49-ABEA-D2315709B6EA.svs	ea3f992a4d7d623bc30566afa0a00af8	1441854345	released
a7ccf35e-56a9-4bd9-904c-59b1b0cc33b4	TCGA-E2-A1L6-01Z-00-DX1.AFE87067-2BFD-42C2-9334-9DDE8AB61B49.svs	fdb1edb5b09f310fe24e57179f3ea653	1267611355	released
83aa45a7-b531-42da-ba40-c0e14ed36f26	TCGA-E2-A2P5-01Z-00-DX1.375B5E5D-D8D0-425C-9163-6DF26E31BBE1.svs	88beee25a9e040381cecd2c042857ead	1931678159	released
aa84c53f-acc0-422b-99d3-c0faf15d9140	TCGA-E9-A1RC-01Z-00-DX1.8e1008da-b17b-4096-a070-f536fe8ce52d.svs	a541b4287c4a989142e7852c40d434ef	645078633	released
8fb9bb79-fa5d-4be9-a636-c9251b9b9a6e	TCGA-E9-A244-01Z-00-DX1.4FDAA892-9DBF-4E5D-89F3-2A84C8AC8F0A.svs	2e0b9c8a4a483af9fd14042068b29636	1123724747	released
64cf590d-97ba-46a6-a9b0-b79a415de9d3	TCGA-EW-A2FS-01Z-00-DX1.A01C9183-2AC8-456A-B5A6-85C5BB0361D8.svs	94a70f2fe16c3cbb3293bf61a6746cbf	1393229649	released
33e614a6-2488-4ffc-8c09-ba4fcf235d74	TCGA-EW-A3U0-01Z-00-DX1.526F60F9-D1EB-4613-B428-18A1FC0BAAE2.svs	624225d773fbc484841fa2c6af365a12	1583315923	released
206ccd79-310d-40a4-852c-03930e685304	TCGA-EW-A6SB-01Z-00-DX1.D56E1922-01A9-4AEE-AB95-D69447DD13EE.svs	09f71a39a78d53f7ba588276ec584337	1394236491	released
994db278-3ed5-4527-9066-a45867be7ef2	TCGA-GM-A2D9-01Z-00-DX1.AF4BF2DD-05FB-400B-A1BC-6E7C9B9DDF05.svs	03a2a7e636af32a4bd972db4b667a73a	1364080617	released
bcd6977f-b269-48c4-b088-ddf8d6d95240	TCGA-GM-A2DF-01Z-00-DX1.CD0BE6D7-2DB3-4193-84CC-F9BE7BF18CC2.svs	bc7cc0646a46a6fd25e382b406ebd8fd	1351496357	released
d8bb2eff-1616-421c-897f-dbf75e509edb	TCGA-LQ-A4E4-01Z-00-DX1.CF422C39-614F-4F14-813B-95BB7B171977.svs	cd76f811fe04d9ff67b1768b84995f40	1624327729	released
bf4c4578-c186-49b8-88ee-b9dea446c6c8	TCGA-OK-A5Q2-01Z-00-DX4.83B45D6C-E350-4436-812F-4155D9F7D331.svs	f34257a8d65607c639e7bad463e239ab	1436614819	released
0f02454b-d62b-4fc8-9660-142e0ab066bf	TCGA-S3-A6ZG-01Z-00-DX1.659A0BFB-D99B-474F-B4C2-6590C9161BD1.svs	265cdb00ffc83fbefe6c22a174c050a5	928174865	released
