timestamp	dataset	slide_id	src_size	dst_size	wallclock_s	status
2026-08-18T15:41:33Z	cam16	normal_004	990100952	15783867536	131	OK
2026-08-18T15:41:37Z	cam16	normal_016	1104226426	16223509856	135	OK
2026-08-18T15:41:40Z	cam16	normal_013	1190506730	16223509856	138	OK
2026-08-18T15:41:41Z	cam16	normal_014	1457577490	16223509856	139	OK
2026-08-18T15:43:46Z	cam16	normal_017	1116625634	16185955440	133	OK
2026-08-18T15:43:50Z	cam16	normal_045	1111705898	16223509856	130	OK
2026-08-18T15:43:51Z	cam16	normal_048	1171699274	15547530304	130	OK
2026-08-18T15:43:52Z	cam16	normal_023	1303795006	15923074496	135	OK
2026-08-18T15:46:05Z	cam16	normal_053	2493278326	15509975872	135	OK
2026-08-18T15:46:06Z	cam16	normal_050	2473794250	16185955440	140	OK
2026-08-18T15:46:11Z	cam16	normal_058	1805717430	16035737760	140	OK
2026-08-18T15:46:14Z	cam16	normal_072	2241248734	16101212224	142	OK
2026-08-18T15:46:50Z	cam16	normal_103	1048100028	4404288416	39	OK
2026-08-18T15:47:50Z	cam16	normal_112	2767650794	10239970016	96	OK
2026-08-18T15:48:16Z	cam16	normal_113	1771662667	9480230336	86	OK
2026-08-18T15:48:24Z	cam16	normal_082	2123318308	15847965664	138	OK
2026-08-18T15:48:32Z	cam16	normal_080	2699429630	16185955440	147	OK
2026-08-18T15:48:53Z	cam16	normal_116	1019309008	3875773856	37	OK
2026-08-18T15:49:27Z	cam16	normal_114	3305342358	9865605536	97	OK
2026-08-18T15:50:00Z	cam16	normal_127	2409632748	9215973056	88	OK
2026-08-18T15:50:24Z	cam16	normal_121	2591108245	13311960896	120	OK
2026-08-18T15:51:02Z	cam16	normal_137	2486077985	14181807776	129	OK
2026-08-18T15:51:34Z	cam16	normal_142	2381671967	13994625536	127	OK
2026-08-18T15:51:44Z	cam16	test_014	2157582280	8324104736	80	OK
2026-08-18T15:52:15Z	cam16	test_016	1810550358	7729525856	73	OK
2026-08-18T15:52:15Z	cam16	test_018	722332440	4624502816	41	OK
2026-08-18T15:53:59Z	cam16	test_025	1264267748	16185955440	135	OK
2026-08-18T15:54:32Z	cam16	test_057	1433138014	16223509856	137	OK
2026-08-18T15:54:36Z	cam16	test_036	1709459776	16261064272	141	OK
2026-08-18T15:55:45Z	cam16	test_101	1741063243	7575375776	69	OK
2026-08-18T15:56:16Z	cam16	test_059	1873071598	15923074496	137	OK
2026-08-18T15:56:23Z	cam16	normal_144	3487944755	15067384256	383	OK
2026-08-18T15:56:37Z	cam16	test_122	1031701778	5549403296	52	OK
2026-08-18T15:56:46Z	cam16	test_072	1676104636	15509975872	134	OK
2026-08-18T15:58:34Z	cam16	test_130	1748518866	15923074496	138	OK
2026-08-18T15:58:42Z	cam16	tumor_014	2253898518	15697747984	139	OK
2026-08-18T15:59:04Z	cam16	tumor_015	3534071834	16185955440	147	OK
2026-08-18T15:59:10Z	cam16	tumor_021	2883511080	16185955440	144	OK
2026-08-18T16:00:56Z	cam16	tumor_022	1983686468	16053630176	142	OK
2026-08-18T16:01:05Z	cam16	tumor_040	2464972516	15697747984	143	OK
2026-08-18T16:01:26Z	cam16	tumor_045	2247886038	16148401024	142	OK
2026-08-18T16:01:27Z	cam16	tumor_059	1480993338	16138570016	137	OK
2026-08-18T16:02:38Z	cam16	tumor_072	2167037383	9909648416	93	OK
2026-08-18T16:03:16Z	cam16	tumor_070	1907517700	16185955440	140	OK
2026-08-18T16:03:26Z	cam16	tumor_086	2619352497	13212864416	119	OK
2026-08-18T16:03:36Z	cam16	tumor_079	1930897665	14534150816	130	OK
2026-08-18T16:04:32Z	cam16	tumor_090	2595009501	12629296256	114	OK
2026-08-18T16:04:37Z	cam16	tumor_101	1460112585	7487290016	71	OK
2026-08-18T16:05:21Z	cam16	tumor_103	2276115969	11737427936	105	OK
2026-08-18T16:05:33Z	cam16	tumor_092	2714864735	15459051296	137	OK
