slide_idx,slide_id,process_id,world_size,t_arrived_s,n_tiles,inference_batch_size,t_tissue_ms,t_extract_ms,t_mil_ms,t_heatmap_write_ms,t_total_ms,backend,model,cache_policy_requested,client_page_cache_discarded,heatmap_format,heatmap_path,heatmap_bytes
0,TCGA-A1-A0SH-01Z-00-DX1.90E71B08-E1D9-4FC2-85AC-062E56DDF17C,0,1,0.000006,9373,256,28.618,41744.481,18.670,1718.853,43510.621,cucim_batched_cpu,gigapath,warm,,tiff5x,/mnt/weka/heatmaps/7.1/7.1.e-cucim-gigapath-warm/TCGA-A1-A0SH-01Z-00-DX1.90E71B08-E1D9-4FC2-85AC-062E56DDF17C.tiff,6349262
1,TCGA-A2-A0EO-01Z-00-DX1.D7A09E23-2CAB-4B3B-814C-BF0BA75B7589,0,1,43.510849,11520,256,40.481,52340.284,1.206,1645.767,54027.737,cucim_batched_cpu,gigapath,warm,,tiff5x,/mnt/weka/heatmaps/7.1/7.1.e-cucim-gigapath-warm/TCGA-A2-A0EO-01Z-00-DX1.D7A09E23-2CAB-4B3B-814C-BF0BA75B7589.tiff,7518902
2,TCGA-A2-A0ER-01Z-00-DX1.18123C1B-A0CC-4957-9373-5FFAB985C2E8,0,1,97.538804,7989,256,35.494,36106.850,0.616,1256.801,37399.762,cucim_batched_cpu,gigapath,warm,,tiff5x,/mnt/weka/heatmaps/7.1/7.1.e-cucim-gigapath-warm/TCGA-A2-A0ER-01Z-00-DX1.18123C1B-A0CC-4957-9373-5FFAB985C2E8.tiff,6251338
3,TCGA-A2-A0EY-01Z-00-DX1.2F2428B3-0767-48E0-AC22-443C244CBD16,0,1,134.938786,26624,256,105.371,118710.638,2.257,2929.725,121747.991,cucim_batched_cpu,gigapath,warm,,tiff5x,/mnt/weka/heatmaps/7.1/7.1.e-cucim-gigapath-warm/TCGA-A2-A0EY-01Z-00-DX1.2F2428B3-0767-48E0-AC22-443C244CBD16.tiff,16127888
4,TCGA-A2-A0SW-01Z-00-DX1.E1EA0407-B831-4D75-826E-80B82B821797,0,1,256.687013,11161,256,46.211,51254.270,0.935,2812.397,54113.814,cucim_batched_cpu,gigapath,warm,,tiff5x,/mnt/weka/heatmaps/7.1/7.1.e-cucim-gigapath-warm/TCGA-A2-A0SW-01Z-00-DX1.E1EA0407-B831-4D75-826E-80B82B821797.tiff,8179813
5,TCGA-A2-A1FV-01Z-00-DX1.F70ACD9A-7819-4296-BD28-4D24BBA8AFF4,0,1,310.801052,19432,256,81.527,89140.561,1.718,3014.470,92238.275,cucim_batched_cpu,gigapath,warm,,tiff5x,/mnt/weka/heatmaps/7.1/7.1.e-cucim-gigapath-warm/TCGA-A2-A1FV-01Z-00-DX1.F70ACD9A-7819-4296-BD28-4D24BBA8AFF4.tiff,12252603
6,TCGA-A2-A1G1-01Z-00-DX1.E52A474F-DE13-41CF-94D4-D00BAC46ECF4,0,1,403.039548,4797,256,25.338,22265.390,0.847,1114.391,23405.966,cucim_batched_cpu,gigapath,warm,,tiff5x,/mnt/weka/heatmaps/7.1/7.1.e-cucim-gigapath-warm/TCGA-A2-A1G1-01Z-00-DX1.E52A474F-DE13-41CF-94D4-D00BAC46ECF4.tiff,3537521
7,TCGA-A7-A13F-01Z-00-DX1.AB4ADDD3-8E1C-4AB9-813E-D137A2CFB950,0,1,426.445735,6253,256,28.601,28420.495,0.647,999.341,29449.084,cucim_batched_cpu,gigapath,warm,,tiff5x,/mnt/weka/heatmaps/7.1/7.1.e-cucim-gigapath-warm/TCGA-A7-A13F-01Z-00-DX1.AB4ADDD3-8E1C-4AB9-813E-D137A2CFB950.tiff,4282333
8,TCGA-A7-A426-01Z-00-DX1.3058E873-9442-4872-80DA-E8A5B35054D2,0,1,455.895058,6044,256,28.994,27269.795,0.732,1464.419,28763.940,cucim_batched_cpu,gigapath,warm,,tiff5x,/mnt/weka/heatmaps/7.1/7.1.e-cucim-gigapath-warm/TCGA-A7-A426-01Z-00-DX1.3058E873-9442-4872-80DA-E8A5B35054D2.tiff,4122848
9,TCGA-A7-A4SB-01Z-00-DX1.E8925605-5189-441E-A719-92CFC1118B0B,0,1,484.659200,2177,256,10.112,9942.375,0.642,1866.478,11819.608,cucim_batched_cpu,gigapath,warm,,tiff5x,/mnt/weka/heatmaps/7.1/7.1.e-cucim-gigapath-warm/TCGA-A7-A4SB-01Z-00-DX1.E8925605-5189-441E-A719-92CFC1118B0B.tiff,2026991
10,TCGA-A8-A06N-01Z-00-DX1.E25E65F8-DFE0-47CF-9FAB-B82EE8E321F7,0,1,496.479013,3413,256,15.270,15514.636,0.634,605.554,16136.095,cucim_batched_cpu,gigapath,warm,,tiff5x,/mnt/weka/heatmaps/7.1/7.1.e-cucim-gigapath-warm/TCGA-A8-A06N-01Z-00-DX1.E25E65F8-DFE0-47CF-9FAB-B82EE8E321F7.tiff,2657329
11,TCGA-A8-A076-01Z-00-DX1.BAAC4F9C-0C04-42FB-95F4-D765305089B8,0,1,512.615297,4311,256,20.244,19633.688,0.675,1368.678,21023.284,cucim_batched_cpu,gigapath,warm,,tiff5x,/mnt/weka/heatmaps/7.1/7.1.e-cucim-gigapath-warm/TCGA-A8-A076-01Z-00-DX1.BAAC4F9C-0C04-42FB-95F4-D765305089B8.tiff,3379384
12,TCGA-A8-A07B-01Z-00-DX1.950B5E4E-C5F0-4445-9F88-E8C32CDFE6DA,0,1,533.638766,2205,256,11.639,10125.071,0.776,300.647,10438.133,cucim_batched_cpu,gigapath,warm,,tiff5x,/mnt/weka/heatmaps/7.1/7.1.e-cucim-gigapath-warm/TCGA-A8-A07B-01Z-00-DX1.950B5E4E-C5F0-4445-9F88-E8C32CDFE6DA.tiff,1733464
13,TCGA-A8-A07L-01Z-00-DX1.D9E1051F-724E-4E88-940A-C97005DC5BEB,0,1,544.077111,1988,256,10.961,9393.983,0.731,288.477,9694.152,cucim_batched_cpu,gigapath,warm,,tiff5x,/mnt/weka/heatmaps/7.1/7.1.e-cucim-gigapath-warm/TCGA-A8-A07L-01Z-00-DX1.D9E1051F-724E-4E88-940A-C97005DC5BEB.tiff,1507026
14,TCGA-A8-A084-01Z-00-DX1.2B52D1B8-5AD4-4BD6-ADF7-9D65B8EE2621,0,1,553.771457,3734,256,18.515,17405.762,0.665,521.353,17946.294,cucim_batched_cpu,gigapath,warm,,tiff5x,/mnt/weka/heatmaps/7.1/7.1.e-cucim-gigapath-warm/TCGA-A8-A084-01Z-00-DX1.2B52D1B8-5AD4-4BD6-ADF7-9D65B8EE2621.tiff,2751444
15,TCGA-A8-A090-01Z-00-DX1.01574070-D65E-486F-B69D-0F8E3816D057,0,1,571.718048,1606,256,8.707,7518.831,0.628,279.623,7807.789,cucim_batched_cpu,gigapath,warm,,tiff5x,/mnt/weka/heatmaps/7.1/7.1.e-cucim-gigapath-warm/TCGA-A8-A090-01Z-00-DX1.01574070-D65E-486F-B69D-0F8E3816D057.tiff,1416717
16,TCGA-A8-A0A2-01Z-00-DX1.47BCDF13-1065-466A-B7CB-F91F5EAD7D91,0,1,579.526014,2024,256,11.240,9256.326,0.669,855.888,10124.123,cucim_batched_cpu,gigapath,warm,,tiff5x,/mnt/weka/heatmaps/7.1/7.1.e-cucim-gigapath-warm/TCGA-A8-A0A2-01Z-00-DX1.47BCDF13-1065-466A-B7CB-F91F5EAD7D91.tiff,1914579
17,TCGA-AC-A3TN-01Z-00-DX1.F00E81C7-0CA2-49E8-A30F-DE423538E93C,0,1,589.650321,4478,256,20.445,20199.376,0.579,821.968,21042.368,cucim_batched_cpu,gigapath,warm,,tiff5x,/mnt/weka/heatmaps/7.1/7.1.e-cucim-gigapath-warm/TCGA-AC-A3TN-01Z-00-DX1.F00E81C7-0CA2-49E8-A30F-DE423538E93C.tiff,3376422
18,TCGA-AN-A0AT-01Z-00-DX1.DFD68CD2-C25E-47BE-BC06-8CE3C657B9FD,0,1,610.692907,10735,256,42.144,48118.412,0.885,2520.826,50682.267,cucim_batched_cpu,gigapath,warm,,tiff5x,/mnt/weka/heatmaps/7.1/7.1.e-cucim-gigapath-warm/TCGA-AN-A0AT-01Z-00-DX1.DFD68CD2-C25E-47BE-BC06-8CE3C657B9FD.tiff,7166473
19,TCGA-AN-A0FT-01Z-00-DX1.6F263AB3-FB1D-4056-AEC2-4F163017324F,0,1,661.375395,6236,256,24.160,28376.882,0.648,1599.827,30001.517,cucim_batched_cpu,gigapath,warm,,tiff5x,/mnt/weka/heatmaps/7.1/7.1.e-cucim-gigapath-warm/TCGA-AN-A0FT-01Z-00-DX1.6F263AB3-FB1D-4056-AEC2-4F163017324F.tiff,4066510
20,TCGA-AQ-A54O-01Z-00-DX1.85AB0AC4-47BB-4CD8-B7FB-5928108864AC,0,1,691.377133,18572,256,77.050,84507.420,1.640,3040.332,87626.441,cucim_batched_cpu,gigapath,warm,,tiff5x,/mnt/weka/heatmaps/7.1/7.1.e-cucim-gigapath-warm/TCGA-AQ-A54O-01Z-00-DX1.85AB0AC4-47BB-4CD8-B7FB-5928108864AC.tiff,12953506
21,TCGA-AR-A0U1-01Z-00-DX1.276433E7-E841-42D2-AF21-762F2FEA3B9B,0,1,779.003786,8980,256,39.315,40427.550,0.766,1453.884,41921.515,cucim_batched_cpu,gigapath,warm,,tiff5x,/mnt/weka/heatmaps/7.1/7.1.e-cucim-gigapath-warm/TCGA-AR-A0U1-01Z-00-DX1.276433E7-E841-42D2-AF21-762F2FEA3B9B.tiff,5932600
22,TCGA-AR-A24U-01Z-00-DX1.220FD0D0-0DB6-4E3C-92A0-66CD6509F0AD,0,1,820.925534,9856,256,43.016,44507.822,0.793,1735.401,46287.031,cucim_batched_cpu,gigapath,warm,,tiff5x,/mnt/weka/heatmaps/7.1/7.1.e-cucim-gigapath-warm/TCGA-AR-A24U-01Z-00-DX1.220FD0D0-0DB6-4E3C-92A0-66CD6509F0AD.tiff,7524181
23,TCGA-AR-A252-01Z-00-DX1.2E7EE069-A0B8-489B-A2F0-3175FB58F468,0,1,867.212797,14876,256,61.788,67762.307,1.289,2984.384,70809.768,cucim_batched_cpu,gigapath,warm,,tiff5x,/mnt/weka/heatmaps/7.1/7.1.e-cucim-gigapath-warm/TCGA-AR-A252-01Z-00-DX1.2E7EE069-A0B8-489B-A2F0-3175FB58F468.tiff,11219111
24,TCGA-AR-A2LE-01Z-00-DX1.E8E1FC5C-9A4A-463F-81D7-E9A8AF43EAD9,0,1,938.022782,5213,256,23.634,23698.668,0.621,926.193,24649.115,cucim_batched_cpu,gigapath,warm,,tiff5x,/mnt/weka/heatmaps/7.1/7.1.e-cucim-gigapath-warm/TCGA-AR-A2LE-01Z-00-DX1.E8E1FC5C-9A4A-463F-81D7-E9A8AF43EAD9.tiff,3893660
25,TCGA-AR-A2LN-01Z-00-DX1.3EF43524-28B8-4326-9356-6BCBC63A1DA8,0,1,962.672097,13502,256,52.676,61200.141,1.178,3017.914,64271.910,cucim_batched_cpu,gigapath,warm,,tiff5x,/mnt/weka/heatmaps/7.1/7.1.e-cucim-gigapath-warm/TCGA-AR-A2LN-01Z-00-DX1.3EF43524-28B8-4326-9356-6BCBC63A1DA8.tiff,9154529
26,TCGA-B6-A0I2-01Z-00-DX1.885D2034-73B7-48AE-8343-631F89061C38,0,1,1026.944229,10086,256,42.089,46112.298,0.808,1651.966,47807.162,cucim_batched_cpu,gigapath,warm,,tiff5x,/mnt/weka/heatmaps/7.1/7.1.e-cucim-gigapath-warm/TCGA-B6-A0I2-01Z-00-DX1.885D2034-73B7-48AE-8343-631F89061C38.tiff,6724870
27,TCGA-B6-A0IH-01Z-00-DX1.3463B12E-D1B0-4FB2-B257-BFD63BA2B6BF,0,1,1074.751630,22889,256,92.418,104486.133,1.885,3000.693,107581.130,cucim_batched_cpu,gigapath,warm,,tiff5x,/mnt/weka/heatmaps/7.1/7.1.e-cucim-gigapath-warm/TCGA-B6-A0IH-01Z-00-DX1.3463B12E-D1B0-4FB2-B257-BFD63BA2B6BF.tiff,14428963
28,TCGA-B6-A0WW-01Z-00-DX1.64048633-1D1A-4074-8C50-7641159355DB,0,1,1182.332991,25271,256,100.239,114341.493,2.126,2532.320,116976.179,cucim_batched_cpu,gigapath,warm,,tiff5x,/mnt/weka/heatmaps/7.1/7.1.e-cucim-gigapath-warm/TCGA-B6-A0WW-01Z-00-DX1.64048633-1D1A-4074-8C50-7641159355DB.tiff,15339041
29,TCGA-BH-A0BS-01Z-00-DX1.FEE32127-4D0B-4560-A39C-4EAA5B189B70,0,1,1299.309396,14377,256,62.435,65311.615,1.212,2504.226,67879.488,cucim_batched_cpu,gigapath,warm,,tiff5x,/mnt/weka/heatmaps/7.1/7.1.e-cucim-gigapath-warm/TCGA-BH-A0BS-01Z-00-DX1.FEE32127-4D0B-4560-A39C-4EAA5B189B70.tiff,10582392
30,TCGA-BH-A0DX-01Z-00-DX1.45C27E71-9A0A-400E-93A9-5CE7780F3C5E,0,1,1367.189108,5319,256,24.685,24572.242,0.687,2236.670,26834.282,cucim_batched_cpu,gigapath,warm,,tiff5x,/mnt/weka/heatmaps/7.1/7.1.e-cucim-gigapath-warm/TCGA-BH-A0DX-01Z-00-DX1.45C27E71-9A0A-400E-93A9-5CE7780F3C5E.tiff,5917620
31,TCGA-BH-A0E7-01Z-00-DX1.7FEE54C4-3795-403C-85B9-FF932BE56788,0,1,1394.023604,7912,256,36.122,35983.914,0.826,1867.978,37888.840,cucim_batched_cpu,gigapath,warm,,tiff5x,/mnt/weka/heatmaps/7.1/7.1.e-cucim-gigapath-warm/TCGA-BH-A0E7-01Z-00-DX1.7FEE54C4-3795-403C-85B9-FF932BE56788.tiff,7251844
32,TCGA-BH-A0HQ-01Z-00-DX1.0921FCEF-20A2-4D4B-A198-91AF9F6C814C,0,1,1431.912664,12548,256,53.643,57333.156,0.953,1825.137,59212.889,cucim_batched_cpu,gigapath,warm,,tiff5x,/mnt/weka/heatmaps/7.1/7.1.e-cucim-gigapath-warm/TCGA-BH-A0HQ-01Z-00-DX1.0921FCEF-20A2-4D4B-A198-91AF9F6C814C.tiff,9286683
33,TCGA-BH-A0W5-01Z-00-DX1.84EA3913-667B-4694-A0F0-E629CAC615C8,0,1,1491.125984,13459,256,56.601,60957.236,1.124,2354.894,63369.855,cucim_batched_cpu,gigapath,warm,,tiff5x,/mnt/weka/heatmaps/7.1/7.1.e-cucim-gigapath-warm/TCGA-BH-A0W5-01Z-00-DX1.84EA3913-667B-4694-A0F0-E629CAC615C8.tiff,9922999
34,TCGA-C8-A26V-01Z-00-DX1.6E86DF74-D575-4969-8142-963D9DF5208F,0,1,1554.496070,9195,256,35.090,42415.557,0.724,1029.906,43481.277,cucim_batched_cpu,gigapath,warm,,tiff5x,/mnt/weka/heatmaps/7.1/7.1.e-cucim-gigapath-warm/TCGA-C8-A26V-01Z-00-DX1.6E86DF74-D575-4969-8142-963D9DF5208F.tiff,6283405
35,TCGA-C8-A275-01Z-00-DX1.44D27E67-4DD6-4893-B38A-01E48F5A358A,0,1,1597.977569,12354,256,47.250,55901.457,1.028,1293.195,57242.930,cucim_batched_cpu,gigapath,warm,,tiff5x,/mnt/weka/heatmaps/7.1/7.1.e-cucim-gigapath-warm/TCGA-C8-A275-01Z-00-DX1.44D27E67-4DD6-4893-B38A-01E48F5A358A.tiff,7930490
36,TCGA-C8-A8HR-01Z-00-DX1.8E841CA8-1CE2-4242-AC5A-3247075CF8F4,0,1,1655.220720,5410,256,28.541,25093.152,0.593,619.120,25741.406,cucim_batched_cpu,gigapath,warm,,tiff5x,/mnt/weka/heatmaps/7.1/7.1.e-cucim-gigapath-warm/TCGA-C8-A8HR-01Z-00-DX1.8E841CA8-1CE2-4242-AC5A-3247075CF8F4.tiff,3836226
37,TCGA-D8-A1JI-01Z-00-DX2.E688E270-26C9-43EC-BC26-86BF8B74A31D,0,1,1680.962520,8616,256,38.790,39226.573,0.691,1163.149,40429.203,cucim_batched_cpu,gigapath,warm,,tiff5x,/mnt/weka/heatmaps/7.1/7.1.e-cucim-gigapath-warm/TCGA-D8-A1JI-01Z-00-DX2.E688E270-26C9-43EC-BC26-86BF8B74A31D.tiff,6257509
38,TCGA-D8-A1JM-01Z-00-DX1.3CD15BC8-08B3-4BEE-9FD7-A8BEED33268E,0,1,1721.391926,11874,256,43.378,53299.438,0.967,1528.377,54872.161,cucim_batched_cpu,gigapath,warm,,tiff5x,/mnt/weka/heatmaps/7.1/7.1.e-cucim-gigapath-warm/TCGA-D8-A1JM-01Z-00-DX1.3CD15BC8-08B3-4BEE-9FD7-A8BEED33268E.tiff,6958035
39,TCGA-D8-A1XT-01Z-00-DX1.9E4DEEEB-AB0A-45F6-A69B-65B3E6F22D46,0,1,1776.264318,15831,256,64.928,71064.053,1.374,3776.642,74906.997,cucim_batched_cpu,gigapath,warm,,tiff5x,/mnt/weka/heatmaps/7.1/7.1.e-cucim-gigapath-warm/TCGA-D8-A1XT-01Z-00-DX1.9E4DEEEB-AB0A-45F6-A69B-65B3E6F22D46.tiff,11666295
40,TCGA-D8-A1XV-01Z-00-DX2.D1988E01-5FDC-4F50-8183-F0CCE74D0CB2,0,1,1851.171535,11410,256,45.751,51986.179,0.894,1716.503,53749.327,cucim_batched_cpu,gigapath,warm,,tiff5x,/mnt/weka/heatmaps/7.1/7.1.e-cucim-gigapath-warm/TCGA-D8-A1XV-01Z-00-DX2.D1988E01-5FDC-4F50-8183-F0CCE74D0CB2.tiff,8511818
41,TCGA-E2-A15E-06Z-00-DX1.D394A007-91A2-4445-9B4A-1629EE684A51,0,1,1904.921097,16165,256,65.816,73472.380,1.340,2875.167,76414.703,cucim_batched_cpu,gigapath,warm,,tiff5x,/mnt/weka/heatmaps/7.1/7.1.e-cucim-gigapath-warm/TCGA-E2-A15E-06Z-00-DX1.D394A007-91A2-4445-9B4A-1629EE684A51.tiff,11512053
42,TCGA-E2-A15J-01Z-00-DX1.BF7901D1-30B1-4A76-B0A5-E9B8B36EF4C9,0,1,1981.336039,15013,256,61.696,67597.547,1.270,2275.160,69935.673,cucim_batched_cpu,gigapath,warm,,tiff5x,/mnt/weka/heatmaps/7.1/7.1.e-cucim-gigapath-warm/TCGA-E2-A15J-01Z-00-DX1.BF7901D1-30B1-4A76-B0A5-E9B8B36EF4C9.tiff,10362616
43,TCGA-E2-A15K-01Z-00-DX1.9F424BE2-9BFE-4DFF-8CC9-10D2DADBBEA7,0,1,2051.271933,5719,256,25.500,25766.377,0.636,1500.485,27292.998,cucim_batched_cpu,gigapath,warm,,tiff5x,/mnt/weka/heatmaps/7.1/7.1.e-cucim-gigapath-warm/TCGA-E2-A15K-01Z-00-DX1.9F424BE2-9BFE-4DFF-8CC9-10D2DADBBEA7.tiff,5117514
44,TCGA-E9-A1N8-01Z-00-DX1.1243AB1C-75A3-4A5E-9674-53992E6DD377,0,1,2078.565142,11469,256,49.165,51104.462,0.922,1627.050,52781.598,cucim_batched_cpu,gigapath,warm,,tiff5x,/mnt/weka/heatmaps/7.1/7.1.e-cucim-gigapath-warm/TCGA-E9-A1N8-01Z-00-DX1.1243AB1C-75A3-4A5E-9674-53992E6DD377.tiff,7345540
45,TCGA-E9-A1RD-01Z-00-DX1.34083668-cbd2-4610-b857-d50ee9f3e5bd,0,1,2131.346963,8753,256,40.107,39378.982,0.687,1141.680,40561.456,cucim_batched_cpu,gigapath,warm,,tiff5x,/mnt/weka/heatmaps/7.1/7.1.e-cucim-gigapath-warm/TCGA-E9-A1RD-01Z-00-DX1.34083668-cbd2-4610-b857-d50ee9f3e5bd.tiff,5960287
46,TCGA-GM-A2DN-01Z-00-DX1.593003B0-BA87-486B-B472-D6B85867D54D,0,1,2171.908626,10425,256,41.914,47703.771,0.867,1848.335,49594.887,cucim_batched_cpu,gigapath,warm,,tiff5x,/mnt/weka/heatmaps/7.1/7.1.e-cucim-gigapath-warm/TCGA-GM-A2DN-01Z-00-DX1.593003B0-BA87-486B-B472-D6B85867D54D.tiff,7048370
47,TCGA-PE-A5DC-01Z-00-DX1.8E6953AD-C14A-43F5-B062-E31AB13C7BDF,0,1,2221.503738,6251,256,30.472,28137.053,0.670,1024.363,29192.557,cucim_batched_cpu,gigapath,warm,,tiff5x,/mnt/weka/heatmaps/7.1/7.1.e-cucim-gigapath-warm/TCGA-PE-A5DC-01Z-00-DX1.8E6953AD-C14A-43F5-B062-E31AB13C7BDF.tiff,4058929
48,TCGA-S3-AA12-01Z-00-DX1.2A991B9F-E7E6-410B-B0BF-635E3CC40C7E,0,1,2250.696528,19501,256,78.435,86251.131,1.625,2304.724,88635.916,cucim_batched_cpu,gigapath,warm,,tiff5x,/mnt/weka/heatmaps/7.1/7.1.e-cucim-gigapath-warm/TCGA-S3-AA12-01Z-00-DX1.2A991B9F-E7E6-410B-B0BF-635E3CC40C7E.tiff,12304448
49,TCGA-Z7-A8R6-01Z-00-DX1.CE4ED818-D762-4324-9DEA-2ACB38B9B0B9,0,1,2339.332670,16460,256,71.019,74269.560,1.383,2177.439,76519.402,cucim_batched_cpu,gigapath,warm,,tiff5x,/mnt/weka/heatmaps/7.1/7.1.e-cucim-gigapath-warm/TCGA-Z7-A8R6-01Z-00-DX1.CE4ED818-D762-4324-9DEA-2ACB38B9B0B9.tiff,10519776
