step_idx,phase,t_step_start_s,t_step_end_s,step_duration_ms,t_dataload_ms,t_forward_ms,samples_per_step,slide_id_in_step,world_size
0,ramp,0.116631,1.442965,1326.334,25.360,1300.852,256,normal_004,4
1,ramp,1.456191,2.337307,881.116,1.780,879.236,256,normal_004,4
2,ramp,2.350258,3.230876,880.618,1.785,878.731,256,normal_004,4
3,ramp,3.243063,4.125324,882.261,1.776,880.400,256,normal_004,4
4,ramp,4.136551,5.018507,881.956,1.764,880.133,256,normal_004,4
5,ramp,5.026178,5.706427,680.249,1.119,679.076,166,normal_004,4
6,ramp,5.748359,6.626988,878.630,1.769,876.795,256,normal_017,4
7,ramp,6.632404,7.077164,444.761,0.486,444.227,105,normal_017,4
8,ramp,7.169361,8.047266,877.905,1.791,876.036,256,normal_050,4
9,ramp,8.058757,8.936934,878.176,1.753,876.369,256,normal_050,4
10,steady,8.948335,9.827425,879.090,1.766,877.270,256,normal_050,4
11,steady,9.839173,10.717943,878.770,1.752,876.961,256,normal_050,4
12,steady,10.729488,11.609296,879.808,1.753,878.002,256,normal_050,4
13,steady,11.620895,12.500993,880.099,1.747,878.302,256,normal_050,4
14,steady,12.512328,13.392938,880.610,1.760,878.799,256,normal_050,4
15,steady,13.404247,14.284872,880.625,1.756,878.816,256,normal_050,4
16,steady,14.296469,15.178054,881.585,1.751,879.785,256,normal_050,4
17,steady,15.189612,16.071427,881.815,1.749,880.015,256,normal_050,4
18,steady,16.082544,16.964712,882.168,1.765,880.327,256,normal_050,4
19,steady,16.976816,17.858555,881.740,1.753,879.928,256,normal_050,4
20,steady,17.870567,18.753860,883.293,1.751,881.488,256,normal_050,4
21,steady,18.766737,19.649818,883.081,1.745,881.284,256,normal_050,4
22,steady,19.662318,20.545640,883.322,1.760,881.509,256,normal_050,4
23,steady,20.557626,21.441746,884.121,1.758,882.314,256,normal_050,4
24,steady,21.453291,22.337826,884.535,1.749,882.736,256,normal_050,4
25,steady,22.349158,23.233201,884.043,1.749,882.248,256,normal_050,4
26,steady,23.244940,24.130433,885.493,1.750,883.694,256,normal_050,4
27,steady,24.141800,25.027414,885.615,1.746,883.820,256,normal_050,4
28,steady,25.039018,25.924603,885.585,1.757,883.781,256,normal_050,4
29,steady,25.936134,26.821939,885.805,1.751,884.003,256,normal_050,4
30,steady,26.843309,27.729306,885.997,1.758,884.189,256,normal_050,4
31,steady,27.740765,28.627004,886.239,1.753,884.438,256,normal_050,4
32,steady,28.638445,29.524598,886.154,1.751,884.353,256,normal_050,4
33,steady,29.536158,30.423842,887.684,1.752,885.879,256,normal_050,4
34,steady,30.435371,31.324345,888.973,1.763,887.157,256,normal_050,4
35,steady,31.336149,32.224561,888.412,1.746,886.615,256,normal_050,4
36,steady,32.236201,33.125879,889.678,1.755,887.869,256,normal_050,4
37,steady,33.137437,34.028031,890.595,1.750,888.794,256,normal_050,4
38,steady,34.039597,34.930717,891.119,1.758,889.306,256,normal_050,4
39,steady,34.942584,35.833548,890.964,1.743,889.170,256,normal_050,4
40,steady,35.845450,36.737835,892.385,1.752,890.584,256,normal_050,4
41,steady,36.749443,37.640791,891.348,1.754,889.538,256,normal_050,4
42,steady,37.652609,38.546058,893.449,1.759,891.638,256,normal_050,4
43,steady,38.557781,39.451360,893.579,1.756,891.771,256,normal_050,4
44,steady,39.462948,40.356386,893.438,1.762,891.613,256,normal_050,4
45,steady,40.364625,40.944591,579.965,1.135,578.758,166,normal_050,4
46,steady,41.123269,42.022831,899.562,1.807,897.675,256,normal_080,4
47,steady,42.035522,42.935959,900.437,1.753,898.621,256,normal_080,4
48,steady,42.947462,43.848054,900.592,1.760,898.772,256,normal_080,4
49,steady,43.860426,44.761495,901.068,1.772,899.227,256,normal_080,4
50,steady,44.772796,45.675785,902.989,1.763,901.155,256,normal_080,4
51,steady,45.687443,46.589447,902.004,1.776,900.156,256,normal_080,4
52,steady,46.600761,47.502741,901.980,1.768,900.155,256,normal_080,4
53,steady,47.513857,48.415655,901.798,1.758,899.981,256,normal_080,4
54,steady,48.426851,49.327632,900.781,1.769,898.951,256,normal_080,4
55,steady,49.339511,50.231360,891.849,1.769,890.012,256,normal_080,4
56,steady,50.243574,51.135949,892.374,1.759,890.555,256,normal_080,4
57,steady,51.147759,52.041410,893.651,1.757,891.836,256,normal_080,4
58,steady,52.052514,52.946685,894.171,1.772,892.347,256,normal_080,4
59,steady,52.958037,53.851615,893.579,1.760,891.763,256,normal_080,4
60,steady,53.862948,54.757702,894.754,1.763,892.935,256,normal_080,4
61,steady,54.769126,55.664879,895.753,1.756,893.944,256,normal_080,4
62,steady,55.676651,56.572418,895.768,1.757,893.958,256,normal_080,4
63,steady,56.583908,57.480816,896.908,1.758,895.092,256,normal_080,4
64,steady,57.492306,58.389213,896.906,1.755,895.100,256,normal_080,4
65,steady,58.400781,59.298136,897.355,1.748,895.556,256,normal_080,4
66,steady,59.309399,60.207674,898.275,1.756,896.467,256,normal_080,4
67,steady,60.219233,61.117597,898.364,1.763,896.548,256,normal_080,4
68,steady,61.129030,62.028805,899.775,1.759,897.963,256,normal_080,4
69,steady,62.040268,62.939562,899.294,1.758,897.484,256,normal_080,4
70,steady,62.951023,63.851676,900.653,1.763,898.840,256,normal_080,4
71,steady,63.863245,64.763829,900.584,1.763,898.770,256,normal_080,4
72,steady,64.775445,65.677311,901.866,1.757,900.051,256,normal_080,4
73,steady,65.688889,66.590077,901.189,1.753,899.384,256,normal_080,4
74,steady,66.601607,67.500473,898.866,1.751,897.063,256,normal_080,4
75,steady,67.512166,68.411538,899.372,1.757,897.564,256,normal_080,4
76,steady,68.423541,69.323661,900.119,1.759,898.308,256,normal_080,4
77,steady,69.335226,70.235560,900.334,1.753,898.529,256,normal_080,4
78,steady,70.247251,71.147981,900.730,1.752,898.927,256,normal_080,4
79,steady,71.159719,72.060094,900.374,1.755,898.567,256,normal_080,4
80,steady,72.071741,72.972238,900.497,1.758,898.687,256,normal_080,4
81,steady,72.984121,73.885589,901.468,1.757,899.660,256,normal_080,4
82,steady,73.897221,74.799171,901.949,1.751,900.145,256,normal_080,4
83,steady,74.810568,75.713011,902.443,1.758,900.632,256,normal_080,4
84,steady,75.724159,76.627361,903.202,1.762,901.388,256,normal_080,4
85,steady,76.638780,77.543062,904.281,1.755,902.475,256,normal_080,4
86,steady,77.555492,78.459920,904.427,1.759,902.613,256,normal_080,4
87,steady,78.471976,79.376452,904.477,1.758,902.668,256,normal_080,4
88,steady,79.388011,80.292567,904.557,1.757,902.742,256,normal_080,4
89,steady,80.303605,81.209449,905.845,1.763,904.022,256,normal_080,4
90,steady,81.221020,82.127107,906.087,1.756,904.278,256,normal_080,4
91,steady,82.138572,83.045416,906.844,1.759,905.033,256,normal_080,4
92,steady,83.056992,83.963742,906.749,1.761,904.932,256,normal_080,4
93,steady,83.975984,84.883782,907.798,1.752,905.989,256,normal_080,4
94,steady,84.895497,85.803685,908.188,1.760,906.373,256,normal_080,4
95,steady,85.815437,86.724090,908.653,1.755,906.840,256,normal_080,4
96,steady,86.735688,87.644943,909.255,1.763,907.434,256,normal_080,4
97,steady,87.659248,88.568539,909.291,1.754,907.483,256,normal_080,4
98,steady,88.580004,89.490019,910.015,1.759,908.204,256,normal_080,4
99,steady,89.501555,90.411677,910.122,1.754,908.317,256,normal_080,4
100,steady,90.423686,91.334412,910.726,1.756,908.917,256,normal_080,4
101,steady,91.346276,92.257872,911.597,1.755,909.788,256,normal_080,4
102,steady,92.269344,93.181555,912.211,1.760,910.398,256,normal_080,4
103,steady,93.193069,94.106296,913.227,1.756,911.419,256,normal_080,4
104,steady,94.117996,95.031448,913.452,1.755,911.645,256,normal_080,4
105,steady,95.043097,95.956566,913.469,1.758,911.658,256,normal_080,4
106,steady,95.968230,96.883029,914.799,1.753,912.993,256,normal_080,4
107,steady,96.894518,97.809262,914.744,1.758,912.934,256,normal_080,4
108,steady,97.820176,98.828351,1008.175,1.641,1006.479,240,normal_080,4
109,steady,99.051165,99.964717,913.552,1.790,911.684,256,normal_113,4
110,steady,99.975884,100.891734,915.850,1.753,914.045,256,normal_113,4
111,steady,100.903408,101.819401,915.993,1.754,914.186,256,normal_113,4
112,steady,101.830880,102.748538,917.658,1.749,915.847,256,normal_113,4
113,steady,102.760025,103.677858,917.833,1.747,916.035,256,normal_113,4
114,steady,103.689234,104.607383,918.149,1.763,916.331,256,normal_113,4
115,steady,104.618738,105.537484,918.746,1.755,916.936,256,normal_113,4
116,steady,105.550880,106.469450,918.570,1.779,916.702,256,normal_113,4
117,steady,106.482240,107.400503,918.263,1.752,916.456,256,normal_113,4
118,steady,107.412885,108.333250,920.365,1.761,918.552,256,normal_113,4
119,steady,108.346085,109.266452,920.366,1.750,918.561,256,normal_113,4
120,steady,109.277870,110.197928,920.058,1.758,918.243,256,normal_113,4
121,steady,110.209983,111.131103,921.120,1.756,919.305,256,normal_113,4
122,steady,111.142138,112.063465,921.327,1.749,919.519,256,normal_113,4
123,steady,112.074685,112.997071,922.386,1.754,920.561,256,normal_113,4
124,steady,113.008711,113.931541,922.830,1.785,920.969,256,normal_113,4
125,steady,113.942736,114.866224,923.488,1.750,921.683,256,normal_113,4
126,steady,114.878671,115.801483,922.812,1.760,921.001,256,normal_113,4
127,steady,115.812836,116.736812,923.975,1.755,922.166,256,normal_113,4
128,steady,116.747763,117.673344,925.581,1.745,923.777,256,normal_113,4
129,steady,117.684777,118.611354,926.578,1.752,924.767,256,normal_113,4
130,steady,118.622896,119.550154,927.259,1.757,925.446,256,normal_113,4
131,steady,119.561296,120.487571,926.275,1.743,924.477,256,normal_113,4
132,steady,120.498871,121.425718,926.847,1.761,925.022,256,normal_113,4
133,steady,121.440508,122.368528,928.020,1.751,926.213,256,normal_113,4
134,steady,122.379733,123.306456,926.723,1.750,924.919,256,normal_113,4
135,steady,123.319544,124.247169,927.624,1.749,925.821,256,normal_113,4
136,steady,124.258354,125.186014,927.659,1.755,925.847,256,normal_113,4
137,steady,125.197461,126.125293,927.832,1.746,926.037,256,normal_113,4
138,steady,126.136773,127.065258,928.486,1.759,926.672,256,normal_113,4
139,steady,127.076575,128.005152,928.577,1.755,926.774,256,normal_113,4
140,steady,128.015941,128.944150,928.209,1.752,926.401,256,normal_113,4
141,steady,128.955770,129.884466,928.695,1.748,926.892,256,normal_113,4
142,steady,129.896661,130.823278,926.617,1.754,924.806,256,normal_113,4
143,steady,130.834795,131.761124,926.330,1.822,924.410,256,normal_113,4
144,steady,131.772108,132.699211,927.103,1.755,925.287,256,normal_113,4
145,steady,132.710878,133.637089,926.212,1.751,924.401,256,normal_113,4
146,steady,133.652640,134.576698,924.057,1.756,922.246,256,normal_113,4
147,steady,134.588191,135.512216,924.024,1.750,922.223,256,normal_113,4
148,steady,135.524432,136.448044,923.612,1.754,921.807,256,normal_113,4
149,steady,136.459377,137.384541,925.164,1.746,923.367,256,normal_113,4
150,steady,137.396495,138.317923,921.428,1.803,919.522,256,normal_113,4
151,steady,138.330972,139.252618,921.646,1.766,919.791,256,normal_113,4
152,steady,139.263955,140.186195,922.239,1.775,920.377,256,normal_113,4
153,steady,140.197659,141.119271,921.612,1.765,919.761,256,normal_113,4
154,steady,141.130895,142.050404,919.509,1.790,917.635,256,normal_113,4
155,steady,142.061733,142.982064,920.331,1.764,918.490,256,normal_113,4
156,steady,142.993532,143.912589,919.057,1.767,917.207,256,normal_113,4
157,steady,143.923989,144.843286,919.297,1.768,917.447,256,normal_113,4
158,steady,144.855001,145.772518,917.517,1.773,915.662,256,normal_113,4
159,steady,145.784298,146.701984,917.686,1.778,915.811,256,normal_113,4
160,steady,146.713456,147.630843,917.387,1.781,915.522,256,normal_113,4
161,steady,147.642326,148.560217,917.891,1.745,916.085,256,normal_113,4
162,steady,148.571649,149.488723,917.074,1.759,915.256,256,normal_113,4
163,steady,149.500158,150.417902,917.744,1.753,915.936,256,normal_113,4
164,steady,150.429328,151.344879,915.551,1.762,913.729,256,normal_113,4
165,steady,151.356116,152.274488,918.373,1.754,916.563,256,normal_113,4
166,steady,152.286320,153.203293,916.973,1.749,915.168,256,normal_113,4
167,steady,153.214564,154.131813,917.248,1.755,915.438,256,normal_113,4
168,steady,154.142929,155.059919,916.990,1.775,915.157,256,normal_113,4
169,steady,155.071824,155.987847,916.023,1.752,914.216,256,normal_113,4
170,steady,155.999317,156.914326,915.009,1.757,913.189,256,normal_113,4
171,steady,156.925644,157.841212,915.569,1.755,913.755,256,normal_113,4
172,steady,157.852845,158.769095,916.250,1.764,914.429,256,normal_113,4
173,steady,158.780357,159.696575,916.218,1.748,914.411,256,normal_113,4
174,steady,159.707797,160.623084,915.287,1.756,913.471,256,normal_113,4
175,steady,160.636226,161.552546,916.320,1.802,914.408,256,normal_113,4
176,steady,161.564336,162.479386,915.050,1.791,913.161,256,normal_113,4
177,steady,162.484233,162.849847,365.614,0.323,365.217,82,normal_113,4
178,steady,163.108839,164.011076,902.237,1.803,900.336,256,normal_127,4
179,steady,164.025250,164.930809,905.559,1.775,903.683,256,normal_127,4
180,steady,164.942709,165.846668,903.959,1.786,902.083,256,normal_127,4
181,steady,165.858240,166.768059,909.820,1.782,907.947,256,normal_127,4
182,steady,166.780127,167.690301,910.174,1.781,908.293,256,normal_127,4
183,steady,167.702540,168.611772,909.231,1.797,907.291,256,normal_127,4
184,steady,168.623696,169.533586,909.890,1.790,908.003,256,normal_127,4
185,steady,169.545611,170.456147,910.536,1.786,908.662,256,normal_127,4
186,steady,170.468410,171.379211,910.801,1.779,908.931,256,normal_127,4
187,steady,171.390579,172.301863,911.284,1.785,909.405,256,normal_127,4
188,steady,172.314791,173.225420,910.629,1.797,908.740,256,normal_127,4
189,steady,173.237074,174.146566,909.492,1.782,907.618,256,normal_127,4
190,steady,174.157940,175.069577,911.637,1.779,909.774,256,normal_127,4
191,steady,175.081752,175.992035,910.284,1.783,908.414,256,normal_127,4
192,steady,176.003350,176.914379,911.029,1.783,909.156,256,normal_127,4
193,steady,176.926281,177.837768,911.487,1.786,909.609,256,normal_127,4
194,steady,177.849497,178.761398,911.901,1.780,910.030,256,normal_127,4
195,steady,178.773017,179.685007,911.990,1.789,910.109,256,normal_127,4
196,steady,179.696802,180.608413,911.612,1.787,909.732,256,normal_127,4
197,steady,180.619887,181.531244,911.356,1.787,909.474,256,normal_127,4
198,steady,181.543232,182.455123,911.891,1.795,910.003,256,normal_127,4
199,steady,182.467212,183.379620,912.409,1.785,910.536,256,normal_127,4
200,steady,183.391056,184.303263,912.208,1.787,910.321,256,normal_127,4
201,steady,184.315907,185.228778,912.870,1.795,910.972,256,normal_127,4
202,steady,185.240664,186.153269,912.605,1.783,910.722,256,normal_127,4
203,steady,186.164741,187.079817,915.076,1.783,913.192,256,normal_127,4
204,steady,187.091540,188.005454,913.913,1.785,912.028,256,normal_127,4
205,steady,188.019271,188.932351,913.080,1.790,911.186,256,normal_127,4
206,steady,188.943161,189.858445,915.284,1.788,913.389,256,normal_127,4
207,steady,189.870806,190.785348,914.542,1.809,912.609,256,normal_127,4
208,steady,190.796495,191.711180,914.685,1.797,912.786,256,normal_127,4
209,steady,191.722977,192.638008,915.031,1.798,913.134,256,normal_127,4
210,steady,192.651651,193.567314,915.663,1.783,913.787,256,normal_127,4
211,steady,193.578262,194.493284,915.021,1.786,913.134,256,normal_127,4
212,steady,194.505219,195.421500,916.281,1.790,914.398,256,normal_127,4
213,steady,195.434181,196.350115,915.934,1.787,914.056,256,normal_127,4
214,steady,196.362131,197.279379,917.247,1.774,915.387,256,normal_127,4
215,steady,197.290918,198.207903,916.985,1.793,915.094,256,normal_127,4
216,steady,198.220228,199.138464,918.236,1.790,916.348,256,normal_127,4
217,steady,199.149611,200.067807,918.196,1.789,916.315,256,normal_127,4
218,steady,200.079800,200.999004,919.203,1.782,917.330,256,normal_127,4
219,steady,201.010808,201.929164,918.356,1.788,916.466,256,normal_127,4
220,steady,201.940095,202.859291,919.196,1.787,917.321,256,normal_127,4
221,steady,202.872057,203.790639,918.582,1.779,916.712,256,normal_127,4
222,steady,203.801727,204.723503,921.776,1.777,919.912,256,normal_127,4
223,steady,204.735481,205.654504,919.023,1.788,917.143,256,normal_127,4
224,steady,205.666685,206.588293,921.609,1.789,919.723,256,normal_127,4
225,steady,206.600302,207.522315,922.014,1.795,920.120,256,normal_127,4
226,steady,207.533800,208.455820,922.020,1.786,920.142,256,normal_127,4
227,steady,208.467561,209.389320,921.759,1.774,919.902,256,normal_127,4
228,steady,209.400547,210.325112,924.564,1.780,922.701,256,normal_127,4
229,steady,210.336591,211.261336,924.745,1.780,922.879,256,normal_127,4
230,steady,211.272892,212.200313,927.421,1.780,925.552,256,normal_127,4
231,steady,212.211925,213.136694,924.769,1.778,922.897,256,normal_127,4
232,steady,213.148580,214.075456,926.876,1.793,924.994,256,normal_127,4
233,steady,214.086759,215.013861,927.103,1.791,925.218,256,normal_127,4
234,steady,215.028000,215.954660,926.660,1.783,924.787,256,normal_127,4
235,steady,215.966306,216.894029,927.723,1.781,925.844,256,normal_127,4
236,steady,216.905377,217.835529,930.152,1.774,928.285,256,normal_127,4
237,steady,217.847211,218.775452,928.241,1.787,926.371,256,normal_127,4
238,steady,218.786853,219.717108,930.255,1.784,928.365,256,normal_127,4
239,steady,219.728807,220.662120,933.313,1.774,931.441,256,normal_127,4
240,steady,220.674244,221.605327,931.083,1.792,929.200,256,normal_127,4
241,steady,221.616928,222.553124,936.196,1.786,934.326,256,normal_127,4
242,steady,222.564807,223.496381,931.575,1.774,929.715,256,normal_127,4
243,steady,223.507667,224.440489,932.822,1.768,930.969,256,normal_127,4
244,steady,224.452330,225.384217,931.887,1.774,930.024,256,normal_127,4
245,steady,225.395258,226.330709,935.452,1.785,933.578,256,normal_127,4
246,steady,226.342385,227.273791,931.406,1.782,929.535,256,normal_127,4
247,steady,227.285490,228.219748,934.257,1.785,932.378,256,normal_127,4
248,steady,228.231597,229.163532,931.934,1.790,930.041,256,normal_127,4
249,steady,229.174612,230.108905,934.293,1.774,932.431,256,normal_127,4
250,steady,230.120647,231.051467,930.819,1.774,928.975,256,normal_127,4
251,steady,231.063010,231.992448,929.438,1.767,927.597,256,normal_127,4
252,steady,232.004057,232.931148,927.091,1.769,925.227,256,normal_127,4
253,steady,232.942980,233.870133,927.154,1.782,925.287,256,normal_127,4
254,steady,233.881669,234.810110,928.441,1.756,926.626,256,normal_127,4
255,steady,234.822008,235.748583,926.575,1.759,924.762,256,normal_127,4
256,steady,235.760257,236.686132,925.875,1.754,924.054,256,normal_127,4
257,steady,236.697788,237.621452,923.665,1.770,921.819,256,normal_127,4
258,steady,237.632467,238.556986,924.518,1.755,922.707,256,normal_127,4
259,steady,238.568610,239.493240,924.630,1.756,922.821,256,normal_127,4
260,steady,239.500342,240.131264,630.922,0.959,629.914,144,normal_127,4
261,steady,240.441400,241.368686,927.286,1.792,925.414,256,test_014,4
262,steady,241.380164,242.301464,921.300,1.759,919.472,256,test_014,4
263,steady,242.312930,243.234739,921.809,1.755,919.997,256,test_014,4
264,steady,243.246140,244.169979,923.840,1.758,922.029,256,test_014,4
265,steady,244.181367,245.103005,921.638,1.750,919.839,256,test_014,4
266,steady,245.114211,246.035057,920.846,1.751,919.044,256,test_014,4
267,steady,246.047165,246.969345,922.180,1.757,920.372,256,test_014,4
268,steady,246.981157,247.901398,920.241,1.754,918.432,256,test_014,4
269,steady,247.912429,248.832683,920.255,1.764,918.427,256,test_014,4
270,steady,248.844577,249.765614,921.037,1.756,919.229,256,test_014,4
271,steady,249.776961,250.696151,919.190,1.760,917.373,256,test_014,4
272,steady,250.707747,251.627967,920.221,1.754,918.411,256,test_014,4
273,steady,251.639705,252.558327,918.621,1.750,916.823,256,test_014,4
274,steady,252.570325,253.489867,919.543,1.751,917.743,256,test_014,4
275,steady,253.500585,254.418930,918.345,1.748,916.548,256,test_014,4
276,steady,254.430468,255.349706,919.238,1.750,917.439,256,test_014,4
277,steady,255.362850,256.281308,918.458,1.758,916.646,256,test_014,4
278,steady,256.292483,257.210855,918.372,1.777,916.537,256,test_014,4
279,steady,257.222690,258.139978,917.288,1.757,915.480,256,test_014,4
280,steady,258.151994,259.070695,918.701,1.783,916.832,256,test_014,4
281,steady,259.082280,259.999986,917.706,1.761,915.878,256,test_014,4
282,steady,260.011425,260.929549,918.124,1.753,916.317,256,test_014,4
283,steady,260.941039,261.858667,917.628,1.750,915.827,256,test_014,4
284,steady,261.871134,262.790923,919.789,1.752,917.985,256,test_014,4
285,steady,262.802797,263.721225,918.429,1.750,916.629,256,test_014,4
286,steady,263.733429,264.650188,916.759,1.804,914.859,256,test_014,4
287,steady,264.661277,265.579310,918.033,1.768,916.180,256,test_014,4
288,steady,265.591310,266.508553,917.244,1.780,915.385,256,test_014,4
289,steady,266.540175,267.456805,916.630,1.757,914.815,256,test_014,4
290,steady,267.488455,268.404376,915.921,1.757,914.102,256,test_014,4
291,steady,268.416193,269.333806,917.613,1.756,915.791,256,test_014,4
292,steady,269.344506,270.261051,916.545,1.756,914.732,256,test_014,4
293,steady,270.273034,271.189930,916.896,1.760,915.070,256,test_014,4
294,steady,271.201137,272.118854,917.717,1.750,915.914,256,test_014,4
295,steady,272.130193,273.047336,917.143,1.755,915.336,256,test_014,4
296,steady,273.058532,273.978006,919.475,1.753,917.672,256,test_014,4
297,steady,273.990001,274.907137,917.137,1.756,915.327,256,test_014,4
298,steady,274.919338,275.837864,918.526,1.766,916.700,256,test_014,4
299,steady,275.849282,276.766791,917.510,1.759,915.699,256,test_014,4
300,steady,276.778350,277.696753,918.403,1.763,916.591,256,test_014,4
301,steady,277.707741,278.625522,917.781,1.753,915.978,256,test_014,4
302,steady,278.637567,279.556103,918.536,1.751,916.732,256,test_014,4
303,steady,279.567094,280.484863,917.770,1.754,915.963,256,test_014,4
304,steady,280.496356,281.415424,919.068,1.760,917.254,256,test_014,4
305,steady,281.427416,282.345504,918.088,1.765,916.267,256,test_014,4
306,steady,282.356927,283.276200,919.273,1.753,917.466,256,test_014,4
307,steady,283.288110,284.207052,918.942,1.749,917.138,256,test_014,4
308,steady,284.217797,285.137637,919.841,1.763,918.023,256,test_014,4
309,steady,285.149105,286.068673,919.568,1.763,917.741,256,test_014,4
310,steady,286.080502,286.999896,919.394,1.757,917.584,256,test_014,4
311,steady,287.012678,287.932570,919.892,1.753,918.075,256,test_014,4
312,steady,287.944487,288.865460,920.974,1.752,919.169,256,test_014,4
313,steady,288.876140,289.796695,920.554,1.750,918.748,256,test_014,4
314,steady,289.808423,290.729276,920.853,1.758,919.036,256,test_014,4
315,steady,290.741158,291.661518,920.359,1.745,918.561,256,test_014,4
316,steady,291.672722,292.594284,921.562,1.761,919.748,256,test_014,4
317,steady,292.605985,293.526836,920.851,1.754,919.044,256,test_014,4
318,steady,293.537657,294.459320,921.663,1.757,919.853,256,test_014,4
319,steady,294.471566,295.394413,922.848,1.756,921.035,256,test_014,4
320,steady,295.406244,296.328464,922.220,1.756,920.410,256,test_014,4
321,steady,296.338936,297.261218,922.282,1.750,920.478,256,test_014,4
322,steady,297.272926,298.196829,923.903,1.759,922.088,256,test_014,4
323,steady,298.207773,299.131423,923.650,1.758,921.838,256,test_014,4
324,steady,299.142929,300.066432,923.503,1.762,921.684,256,test_014,4
325,steady,300.078135,301.002440,924.305,1.764,922.487,256,test_014,4
326,steady,301.013893,301.938560,924.667,1.757,922.856,256,test_014,4
327,steady,301.949744,302.875657,925.912,1.752,924.107,256,test_014,4
328,steady,302.887142,303.813550,926.408,1.757,924.596,256,test_014,4
329,steady,303.825365,304.751510,926.145,1.758,924.332,256,test_014,4
330,steady,304.762135,305.688645,926.510,1.755,924.702,256,test_014,4
331,steady,305.700329,306.626075,925.746,1.755,923.939,256,test_014,4
332,steady,306.636873,307.563986,927.113,1.763,925.299,256,test_014,4
333,steady,307.577428,308.504523,927.094,1.761,925.275,256,test_014,4
334,steady,308.518277,309.445530,927.253,1.757,925.440,256,test_014,4
335,steady,309.456641,310.384955,928.314,1.753,926.508,256,test_014,4
336,steady,310.396386,311.325208,928.821,1.765,926.996,256,test_014,4
337,steady,311.341369,312.271508,930.140,1.758,928.329,256,test_014,4
338,steady,312.282779,313.213637,930.858,1.760,929.048,256,test_014,4
339,steady,313.224874,314.156043,931.169,1.754,929.362,256,test_014,4
340,steady,314.168395,315.099596,931.201,1.751,929.397,256,test_014,4
341,steady,315.110508,316.042125,931.617,1.760,929.805,256,test_014,4
342,steady,316.053606,316.985260,931.654,1.760,929.842,256,test_014,4
343,steady,316.996820,317.929391,932.572,1.751,930.766,256,test_014,4
344,steady,317.940084,318.872630,932.546,1.759,930.736,256,test_014,4
345,steady,318.884478,319.817338,932.860,1.757,931.052,256,test_014,4
346,steady,319.828027,320.761702,933.675,1.754,931.870,256,test_014,4
347,steady,320.773921,321.708277,934.356,1.757,932.547,256,test_014,4
348,steady,321.719981,322.653176,933.195,1.764,931.377,256,test_014,4
349,steady,322.663980,323.599513,935.533,1.760,933.721,256,test_014,4
350,steady,323.611400,324.544881,933.481,1.767,931.654,256,test_014,4
351,steady,324.555998,325.490013,934.016,1.753,932.209,256,test_014,4
352,steady,325.501387,326.435642,934.255,1.761,932.431,256,test_014,4
353,steady,326.447239,327.380461,933.222,1.770,931.381,256,test_014,4
354,steady,327.392362,328.324381,932.019,1.758,930.192,256,test_014,4
355,steady,328.335357,329.266493,931.136,1.770,929.292,256,test_014,4
356,steady,329.277889,330.208242,930.353,1.760,928.522,256,test_014,4
357,steady,330.221231,331.151356,930.125,1.767,928.292,256,test_014,4
358,steady,331.162225,332.090613,928.389,1.777,926.542,256,test_014,4
359,steady,332.102036,333.031440,929.404,1.763,927.572,256,test_014,4
360,steady,333.044421,333.971787,927.366,1.773,925.525,256,test_014,4
361,steady,333.983185,334.909387,926.203,1.761,924.367,256,test_014,4
362,steady,334.920756,335.848823,928.067,1.776,926.212,256,test_014,4
363,steady,335.860197,336.785967,925.770,1.769,923.930,256,test_014,4
364,steady,336.793621,337.467401,673.780,1.067,672.632,154,test_014,4
365,steady,337.716536,338.638498,921.962,1.794,920.086,256,test_036,4
366,steady,338.650562,339.574175,923.613,1.760,921.795,256,test_036,4
367,steady,339.586216,340.510564,924.347,1.754,922.537,256,test_036,4
368,steady,340.522001,341.443989,921.989,1.768,920.164,256,test_036,4
369,steady,341.455926,342.379640,923.714,1.760,921.898,256,test_036,4
370,steady,342.391285,343.313947,922.662,1.761,920.844,256,test_036,4
371,steady,343.325672,344.249833,924.161,1.755,922.350,256,test_036,4
372,steady,344.261532,345.183704,922.172,1.762,920.350,256,test_036,4
373,steady,345.195430,346.116283,920.853,1.763,919.028,256,test_036,4
374,steady,346.128243,347.049426,921.183,1.762,919.357,256,test_036,4
375,steady,347.061099,347.981513,920.414,1.761,918.593,256,test_036,4
376,steady,347.993005,348.914755,921.750,1.760,919.929,256,test_036,4
377,steady,348.926463,349.846401,919.938,1.762,918.120,256,test_036,4
378,steady,349.858269,350.779742,921.473,1.766,919.645,256,test_036,4
379,steady,350.791247,351.711230,919.983,1.757,918.160,256,test_036,4
380,steady,351.722744,352.644575,921.831,1.758,920.008,256,test_036,4
381,steady,352.656211,353.576517,920.306,1.762,918.481,256,test_036,4
382,steady,353.588174,354.507463,919.289,1.754,917.477,256,test_036,4
383,steady,354.519206,355.439006,919.800,1.764,917.979,256,test_036,4
384,steady,355.450489,356.369797,919.309,1.758,917.498,256,test_036,4
385,steady,356.381187,357.300680,919.493,1.755,917.683,256,test_036,4
386,steady,357.313058,358.232714,919.656,1.763,917.839,256,test_036,4
387,steady,358.244096,359.162944,918.848,1.753,917.041,256,test_036,4
388,steady,359.174417,360.093600,919.183,1.755,917.375,256,test_036,4
389,steady,360.105526,361.024552,919.026,1.754,917.218,256,test_036,4
390,steady,361.028108,361.313471,285.362,0.180,285.135,60,test_036,4
391,steady,361.499797,362.409947,910.150,1.801,908.266,256,test_101,4
392,steady,362.421233,363.335100,913.867,1.764,912.047,256,test_101,4
393,steady,363.346326,364.260340,914.014,1.755,912.204,256,test_101,4
394,steady,364.271753,365.184940,913.187,1.761,911.372,256,test_101,4
395,steady,365.196227,366.110359,914.131,1.766,912.312,256,test_101,4
396,steady,366.121571,367.034598,913.026,1.766,911.207,256,test_101,4
397,steady,367.046312,367.960610,914.298,1.763,912.481,256,test_101,4
398,steady,367.971747,368.885773,914.026,1.755,912.219,256,test_101,4
399,steady,368.897088,369.811033,913.945,1.765,912.126,256,test_101,4
400,steady,369.823076,370.735532,912.457,1.760,910.642,256,test_101,4
401,steady,370.747069,371.662246,915.177,1.766,913.355,256,test_101,4
402,steady,371.673579,372.587285,913.707,1.767,911.886,256,test_101,4
403,steady,372.598263,373.512575,914.312,1.763,912.492,256,test_101,4
404,steady,373.524175,374.437939,913.764,1.773,911.933,256,test_101,4
405,steady,374.449270,375.365158,915.888,1.766,914.066,256,test_101,4
406,steady,375.376804,376.291497,914.693,1.759,912.877,256,test_101,4
407,steady,376.302687,377.217937,915.250,1.756,913.440,256,test_101,4
408,steady,377.228892,378.143273,914.382,1.760,912.567,256,test_101,4
409,steady,378.155691,379.071745,916.054,1.765,914.228,256,test_101,4
410,steady,379.082843,379.998800,915.957,1.769,914.134,256,test_101,4
411,steady,380.019318,380.935021,915.703,1.772,913.870,256,test_101,4
412,steady,380.946822,381.863707,916.885,1.772,915.047,256,test_101,4
413,steady,381.875043,382.791832,916.788,1.764,914.968,256,test_101,4
414,steady,382.803457,383.719286,915.830,1.759,914.015,256,test_101,4
415,steady,383.730368,384.648656,918.287,1.765,916.463,256,test_101,4
416,steady,384.660006,385.577336,917.329,1.767,915.504,256,test_101,4
417,steady,385.588569,386.506606,918.038,1.767,916.215,256,test_101,4
418,steady,386.517907,387.434320,916.413,1.768,914.589,256,test_101,4
419,steady,387.445609,388.365299,919.690,1.760,917.873,256,test_101,4
420,steady,388.377030,389.295475,918.446,1.760,916.625,256,test_101,4
421,steady,389.306609,390.224777,918.168,1.762,916.349,256,test_101,4
422,steady,390.235898,391.153472,917.574,1.762,915.756,256,test_101,4
423,steady,391.165141,392.084850,919.708,1.768,917.882,256,test_101,4
424,steady,392.095822,393.015519,919.697,1.752,917.888,256,test_101,4
425,steady,393.026646,393.948069,921.423,1.769,919.594,256,test_101,4
426,steady,393.959459,394.880838,921.378,1.762,919.555,256,test_101,4
427,steady,394.892896,395.812507,919.610,1.767,917.784,256,test_101,4
428,steady,395.823843,396.744303,920.461,1.764,918.638,256,test_101,4
429,steady,396.755706,397.678303,922.597,1.766,920.768,256,test_101,4
430,steady,397.689759,398.612545,922.786,1.761,920.967,256,test_101,4
431,steady,398.623680,399.547851,924.171,1.766,922.345,256,test_101,4
432,steady,399.559420,400.483201,923.781,1.758,921.964,256,test_101,4
433,steady,400.494444,401.418686,924.242,1.770,922.414,256,test_101,4
434,steady,401.430601,402.353754,923.153,1.766,921.327,256,test_101,4
435,steady,402.365498,403.288714,923.216,1.763,921.397,256,test_101,4
436,steady,403.300295,404.226819,926.524,1.761,924.709,256,test_101,4
437,steady,404.237804,405.166328,928.525,1.774,926.695,256,test_101,4
438,steady,405.177789,406.123844,946.056,1.765,944.229,256,test_101,4
439,steady,406.135049,407.065669,930.620,1.770,928.792,256,test_101,4
440,steady,407.076900,408.007233,930.332,1.759,928.514,256,test_101,4
441,steady,408.027580,408.955291,927.711,1.766,925.886,256,test_101,4
442,steady,408.966789,409.894131,927.341,1.756,925.531,256,test_101,4
443,steady,409.906048,410.834997,928.949,1.762,927.130,256,test_101,4
444,steady,410.846443,411.776314,929.871,1.762,928.050,256,test_101,4
445,steady,411.787989,412.715602,927.612,1.759,925.798,256,test_101,4
446,steady,412.727243,413.653992,926.749,1.763,924.932,256,test_101,4
447,steady,413.666062,414.594018,927.956,1.761,926.142,256,test_101,4
448,steady,414.605349,415.533241,927.891,1.765,926.074,256,test_101,4
449,steady,415.544331,416.472471,928.140,1.759,926.326,256,test_101,4
450,steady,416.484303,417.412170,927.866,1.759,926.051,256,test_101,4
451,steady,417.423997,418.353753,929.756,1.765,927.933,256,test_101,4
452,steady,418.366113,419.292946,926.833,1.750,925.032,256,test_101,4
453,steady,419.304394,420.231045,926.651,1.767,924.831,256,test_101,4
454,steady,420.242677,421.170096,927.419,1.764,925.603,256,test_101,4
455,steady,421.182368,422.109555,927.187,1.760,925.372,256,test_101,4
456,steady,422.121176,423.052952,931.776,1.768,929.951,256,test_101,4
457,steady,423.064361,423.990618,926.257,1.766,924.429,256,test_101,4
458,steady,424.001984,424.928517,926.533,1.764,924.710,256,test_101,4
459,steady,424.940139,425.867335,927.196,1.762,925.381,256,test_101,4
460,steady,425.878825,426.804748,925.923,1.764,924.107,256,test_101,4
461,steady,426.816813,427.742915,926.102,1.762,924.283,256,test_101,4
462,steady,427.754538,428.679844,925.306,1.762,923.487,256,test_101,4
463,steady,428.691752,429.621775,930.023,1.764,928.207,256,test_101,4
464,steady,429.647916,430.573346,925.430,1.758,923.613,256,test_101,4
465,steady,430.585103,431.512256,927.153,1.766,925.323,256,test_101,4
466,steady,431.523915,432.449916,926.001,1.762,924.185,256,test_101,4
467,steady,432.461556,433.388626,927.070,1.759,925.259,256,test_101,4
468,steady,433.399976,434.326203,926.227,1.758,924.419,256,test_101,4
469,steady,434.337793,435.265842,928.049,1.762,926.238,256,test_101,4
470,steady,435.277410,436.204788,927.377,1.812,925.472,256,test_101,4
471,steady,436.216731,437.144787,928.056,1.766,926.235,256,test_101,4
472,steady,437.156159,438.085203,929.044,1.765,927.226,256,test_101,4
473,steady,438.096957,439.025724,928.767,1.762,926.951,256,test_101,4
474,steady,439.037397,439.965582,928.185,1.763,926.371,256,test_101,4
475,steady,439.977316,440.906088,928.773,1.756,926.969,256,test_101,4
476,steady,440.917969,441.846442,928.473,1.768,926.656,256,test_101,4
477,steady,441.858037,442.787431,929.393,1.764,927.577,256,test_101,4
478,steady,442.792695,443.223283,430.588,0.427,430.115,96,test_101,4
479,steady,443.521119,444.446157,925.038,1.800,923.161,256,tumor_015,4
480,steady,444.458596,445.387421,928.825,1.755,927.019,256,tumor_015,4
481,steady,445.399534,446.328337,928.804,1.755,927.001,256,tumor_015,4
482,steady,446.339849,447.271708,931.859,1.747,930.062,256,tumor_015,4
483,steady,447.283576,448.214651,931.075,1.762,929.264,256,tumor_015,4
484,steady,448.226656,449.157967,931.311,1.757,929.504,256,tumor_015,4
485,steady,449.169744,450.100153,930.409,1.755,928.603,256,tumor_015,4
486,steady,450.111692,451.043237,931.545,1.754,929.741,256,tumor_015,4
487,steady,451.055066,451.984849,929.783,1.772,927.961,256,tumor_015,4
488,steady,451.996773,452.929311,932.538,1.758,930.729,256,tumor_015,4
489,steady,452.940996,453.872408,931.412,1.757,929.606,256,tumor_015,4
490,steady,453.884190,454.817561,933.372,1.758,931.561,256,tumor_015,4
491,steady,454.829748,455.761086,931.338,1.763,929.523,256,tumor_015,4
492,steady,455.772676,456.704552,931.875,1.757,930.070,256,tumor_015,4
493,steady,456.716078,457.648113,932.035,1.752,930.231,256,tumor_015,4
494,steady,457.659960,458.591897,931.937,1.757,930.129,256,tumor_015,4
495,steady,458.603710,459.537089,933.379,1.754,931.574,256,tumor_015,4
496,steady,459.548883,460.481230,932.346,1.756,930.541,256,tumor_015,4
497,steady,460.493000,461.425027,932.027,1.749,930.225,256,tumor_015,4
498,steady,461.436595,462.369265,932.670,1.754,930.866,256,tumor_015,4
499,steady,462.381050,463.315526,934.476,1.808,932.559,256,tumor_015,4
500,steady,463.327308,464.260161,932.853,1.779,930.987,256,tumor_015,4
501,steady,464.272230,465.204653,932.424,1.767,930.565,256,tumor_015,4
502,steady,465.217260,466.148393,931.133,1.780,929.264,256,tumor_015,4
503,steady,466.160673,467.091811,931.138,1.767,929.295,256,tumor_015,4
504,steady,467.103747,468.034316,930.569,1.766,928.727,256,tumor_015,4
505,steady,468.046421,468.975704,929.283,1.772,927.432,256,tumor_015,4
506,steady,468.987593,469.915733,928.140,1.772,926.287,256,tumor_015,4
507,steady,469.927412,470.854581,927.168,1.768,925.316,256,tumor_015,4
508,steady,470.866765,471.793252,926.487,1.768,924.625,256,tumor_015,4
509,steady,471.805452,472.733286,927.834,1.781,925.961,256,tumor_015,4
510,steady,472.745201,473.671070,925.869,1.777,924.000,256,tumor_015,4
511,steady,473.683092,474.607626,924.534,1.784,922.660,256,tumor_015,4
512,steady,474.619772,475.542623,922.851,1.777,920.985,256,tumor_015,4
513,steady,475.554528,476.478394,923.866,1.774,922.002,256,tumor_015,4
514,steady,476.489840,477.411553,921.713,1.783,919.840,256,tumor_015,4
515,steady,477.423337,478.345452,922.115,1.783,920.243,256,tumor_015,4
516,steady,478.357881,479.279442,921.562,1.777,919.691,256,tumor_015,4
517,steady,479.291252,480.212717,921.465,1.775,919.605,256,tumor_015,4
518,steady,480.224606,481.145295,920.689,1.775,918.833,256,tumor_015,4
519,steady,481.158237,482.078795,920.559,1.770,918.711,256,tumor_015,4
520,steady,482.090765,483.010941,920.176,1.769,918.336,256,tumor_015,4
521,steady,483.022610,483.942014,919.404,1.770,917.566,256,tumor_015,4
522,steady,483.954002,484.873265,919.263,1.759,917.437,256,tumor_015,4
523,steady,484.885536,485.804440,918.904,1.766,917.065,256,tumor_015,4
524,steady,485.816380,486.734570,918.190,1.772,916.343,256,tumor_015,4
525,steady,486.746268,487.664542,918.274,1.759,916.443,256,tumor_015,4
526,steady,487.676045,488.593863,917.818,1.772,915.977,256,tumor_015,4
527,steady,488.605417,489.522067,916.651,1.770,914.811,256,tumor_015,4
528,steady,489.533635,490.452264,918.629,1.768,916.793,256,tumor_015,4
529,steady,490.463961,491.380020,916.059,1.750,914.241,256,tumor_015,4
530,steady,491.391770,492.309257,917.487,1.773,915.646,256,tumor_015,4
531,steady,492.321033,493.237563,916.531,1.767,914.705,256,tumor_015,4
532,steady,493.249376,494.166186,916.810,1.759,914.995,256,tumor_015,4
533,steady,494.179813,495.096126,916.313,1.754,914.508,256,tumor_015,4
534,steady,495.108143,496.024586,916.443,1.757,914.631,256,tumor_015,4
535,steady,496.036353,496.952640,916.288,1.757,914.477,256,tumor_015,4
536,steady,496.964759,497.879671,914.912,1.755,913.102,256,tumor_015,4
537,steady,497.891359,498.807387,916.028,1.755,914.220,256,tumor_015,4
538,steady,498.818808,499.734314,915.506,1.773,913.681,256,tumor_015,4
539,steady,499.746324,500.662506,916.182,1.760,914.366,256,tumor_015,4
540,steady,500.674226,501.590101,915.876,1.763,914.059,256,tumor_015,4
541,steady,501.601639,502.517190,915.551,1.758,913.740,256,tumor_015,4
542,steady,502.530655,503.446087,915.433,1.755,913.622,256,tumor_015,4
543,steady,503.457555,504.372898,915.342,1.760,913.524,256,tumor_015,4
544,steady,504.384340,505.299953,915.613,1.762,913.796,256,tumor_015,4
545,steady,505.311513,506.227092,915.579,1.759,913.765,256,tumor_015,4
546,steady,506.238419,507.153143,914.724,1.752,912.917,256,tumor_015,4
547,steady,507.164969,508.080934,915.965,1.748,914.163,256,tumor_015,4
548,steady,508.092498,509.008024,915.526,1.785,913.683,256,tumor_015,4
549,steady,509.019674,509.935003,915.328,1.757,913.515,256,tumor_015,4
550,steady,509.946661,510.863061,916.400,1.754,914.593,256,tumor_015,4
551,steady,510.874562,511.790433,915.871,1.760,914.052,256,tumor_015,4
552,steady,511.802011,512.717740,915.729,1.761,913.900,256,tumor_015,4
553,steady,512.729242,513.644750,915.508,1.768,913.672,256,tumor_015,4
554,steady,513.658217,514.573289,915.072,1.766,913.242,256,tumor_015,4
555,steady,514.584656,515.500233,915.577,1.766,913.744,256,tumor_015,4
556,steady,515.514020,516.429827,915.807,1.755,913.985,256,tumor_015,4
557,steady,516.441303,517.357637,916.334,1.765,914.502,256,tumor_015,4
558,steady,517.369004,518.284424,915.421,1.757,913.595,256,tumor_015,4
559,steady,518.295961,519.211508,915.547,1.765,913.714,256,tumor_015,4
560,steady,519.222964,520.139269,916.305,1.761,914.485,256,tumor_015,4
561,steady,520.150910,521.067141,916.232,1.758,914.418,256,tumor_015,4
562,steady,521.078753,521.995163,916.410,1.764,914.581,256,tumor_015,4
563,steady,522.009101,522.925261,916.160,1.764,914.329,256,tumor_015,4
564,steady,522.937009,523.852772,915.763,1.762,913.936,256,tumor_015,4
565,steady,523.864341,524.780626,916.285,1.764,914.453,256,tumor_015,4
566,steady,524.792260,525.708770,916.510,1.765,914.663,256,tumor_015,4
567,steady,525.720740,526.637777,917.038,1.780,915.176,256,tumor_015,4
568,steady,526.649314,527.566846,917.533,1.760,915.705,256,tumor_015,4
569,steady,527.581742,528.498620,916.878,1.769,915.043,256,tumor_015,4
570,steady,528.511890,529.524450,1012.560,1.660,1010.833,241,tumor_015,4
571,steady,529.752213,530.664926,912.713,1.802,910.826,256,tumor_045,4
572,steady,530.676329,531.591283,914.954,1.769,913.117,256,tumor_045,4
573,steady,531.602597,532.518196,915.599,1.768,913.759,256,tumor_045,4
574,steady,532.529566,533.444069,914.503,1.772,912.663,256,tumor_045,4
575,steady,533.456419,534.376136,919.717,1.766,917.883,256,tumor_045,4
576,steady,534.387433,535.307317,919.884,1.766,918.049,256,tumor_045,4
577,steady,535.318887,536.239205,920.318,1.764,918.474,256,tumor_045,4
578,steady,536.250837,537.171546,920.709,1.778,918.863,256,tumor_045,4
579,steady,537.183126,538.104525,921.399,1.770,919.560,256,tumor_045,4
580,steady,538.115977,539.037371,921.393,1.761,919.576,256,tumor_045,4
581,steady,539.049840,539.970455,920.615,1.767,918.784,256,tumor_045,4
582,steady,539.981896,540.904447,922.551,1.764,920.722,256,tumor_045,4
583,steady,540.915988,541.838593,922.605,1.767,920.774,256,tumor_045,4
584,steady,541.850418,542.772891,922.474,1.767,920.635,256,tumor_045,4
585,steady,542.784365,543.707399,923.034,1.776,921.181,256,tumor_045,4
586,steady,543.719032,544.642909,923.877,1.776,922.029,256,tumor_045,4
587,steady,544.654519,545.579519,925.000,1.771,923.163,256,tumor_045,4
588,steady,545.590916,546.516177,925.262,1.760,923.431,256,tumor_045,4
589,steady,546.527768,547.452997,925.229,1.777,923.376,256,tumor_045,4
590,steady,547.464461,548.388665,924.204,1.774,922.361,256,tumor_045,4
591,steady,548.400010,549.324778,924.768,1.770,922.923,256,tumor_045,4
592,steady,549.336400,550.261616,925.216,1.777,923.362,256,tumor_045,4
593,steady,550.273185,551.199688,926.504,1.781,924.652,256,tumor_045,4
594,steady,551.211570,552.139251,927.681,1.765,925.844,256,tumor_045,4
595,steady,552.151248,553.078525,927.277,1.769,925.413,256,tumor_045,4
596,steady,553.092572,554.020419,927.847,1.783,925.975,256,tumor_045,4
597,steady,554.032257,554.960779,928.522,1.769,926.684,256,tumor_045,4
598,steady,554.972695,555.901502,928.807,1.769,926.965,256,tumor_045,4
599,steady,555.913464,556.843331,929.867,1.776,928.013,256,tumor_045,4
600,steady,556.854874,557.784981,930.108,1.773,928.244,256,tumor_045,4
601,steady,557.797214,558.727990,930.776,1.790,928.890,256,tumor_045,4
602,steady,558.740018,559.669543,929.525,1.784,927.655,256,tumor_045,4
603,steady,559.681281,560.611182,929.900,1.780,928.047,256,tumor_045,4
604,steady,560.616014,561.004606,388.592,0.357,388.174,86,tumor_045,4
605,steady,561.189081,562.114140,925.059,1.796,923.176,256,tumor_079,4
606,steady,562.125988,563.053303,927.315,1.759,925.484,256,tumor_079,4
607,steady,563.065125,563.993428,928.303,1.761,926.478,256,tumor_079,4
608,steady,564.004740,564.932217,927.477,1.769,925.640,256,tumor_079,4
609,steady,564.944058,565.871251,927.193,1.759,925.356,256,tumor_079,4
610,steady,565.883432,566.809391,925.959,1.777,924.101,256,tumor_079,4
611,steady,566.821191,567.747323,926.132,1.760,924.297,256,tumor_079,4
612,steady,567.759298,568.683964,924.666,1.781,922.802,256,tumor_079,4
613,steady,568.695664,569.621410,925.745,1.773,923.895,256,tumor_079,4
614,steady,569.633808,570.561553,927.745,1.769,925.903,256,tumor_079,4
615,steady,570.572963,571.499660,926.696,1.769,924.853,256,tumor_079,4
616,steady,571.511628,572.436211,924.583,1.779,922.728,256,tumor_079,4
617,steady,572.447953,573.373077,925.124,1.768,923.288,256,tumor_079,4
618,steady,573.384940,574.310812,925.873,1.773,924.029,256,tumor_079,4
619,steady,574.323040,575.250285,927.245,1.769,925.401,256,tumor_079,4
620,steady,575.261721,576.187976,926.255,1.772,924.401,256,tumor_079,4
621,steady,576.200020,577.125954,925.935,1.775,924.076,256,tumor_079,4
622,steady,577.138004,578.064647,926.643,1.781,924.783,256,tumor_079,4
623,steady,578.076577,579.003046,926.469,1.770,924.629,256,tumor_079,4
624,steady,579.015370,579.941338,925.968,1.766,924.124,256,tumor_079,4
625,steady,579.953457,580.879589,926.132,1.774,924.276,256,tumor_079,4
626,steady,580.891307,581.817648,926.341,1.786,924.470,256,tumor_079,4
627,steady,581.829666,582.755615,925.949,1.770,924.097,256,tumor_079,4
628,steady,582.767625,583.694312,926.688,1.779,924.823,256,tumor_079,4
629,steady,583.705573,584.632259,926.686,1.768,924.840,256,tumor_079,4
630,steady,584.644508,585.572302,927.795,1.770,925.941,256,tumor_079,4
631,steady,585.584844,586.525645,940.802,1.775,938.939,256,tumor_079,4
632,steady,586.536944,587.462845,925.901,1.770,924.051,256,tumor_079,4
633,steady,587.474771,588.401178,926.407,1.767,924.543,256,tumor_079,4
634,steady,588.413756,589.342284,928.527,1.789,926.647,256,tumor_079,4
635,steady,589.356759,590.281507,924.748,1.770,922.900,256,tumor_079,4
636,steady,590.293296,591.220930,927.634,1.779,925.772,256,tumor_079,4
637,steady,591.232637,592.160897,928.260,1.774,926.403,256,tumor_079,4
638,steady,592.172935,593.100501,927.565,1.769,925.716,256,tumor_079,4
639,steady,593.112055,594.040428,928.373,1.777,926.504,256,tumor_079,4
640,steady,594.052523,594.979683,927.160,1.795,925.250,256,tumor_079,4
641,steady,594.991248,595.920269,929.021,1.762,927.189,256,tumor_079,4
642,steady,595.932344,596.868072,935.727,1.785,933.852,256,tumor_079,4
643,steady,596.881100,597.811043,929.944,1.782,928.075,256,tumor_079,4
644,steady,597.823192,598.752146,928.954,1.774,927.102,256,tumor_079,4
645,steady,598.763542,599.695243,931.701,1.770,929.852,256,tumor_079,4
646,steady,599.707724,600.637608,929.884,1.776,928.027,256,tumor_079,4
647,steady,600.648781,601.577877,929.097,1.769,927.235,256,tumor_079,4
648,steady,601.590430,602.525656,935.227,1.780,933.368,256,tumor_079,4
649,steady,602.536618,603.472505,935.888,1.765,934.046,256,tumor_079,4
650,steady,603.485055,604.416205,931.150,1.770,929.306,256,tumor_079,4
651,steady,604.427432,605.359698,932.266,1.774,930.420,256,tumor_079,4
652,steady,605.371974,606.301290,929.316,1.778,927.454,256,tumor_079,4
653,steady,606.312310,607.245842,933.532,1.774,931.675,256,tumor_079,4
654,steady,607.257944,608.190585,932.641,1.772,930.794,256,tumor_079,4
655,steady,608.202264,609.134097,931.833,1.770,929.984,256,tumor_079,4
656,steady,609.145984,610.080546,934.562,1.779,932.701,256,tumor_079,4
657,steady,610.091672,611.024354,932.682,1.768,930.842,256,tumor_079,4
658,steady,611.041430,611.968207,926.777,1.780,924.918,256,tumor_079,4
659,steady,611.980222,612.906950,926.729,1.767,924.887,256,tumor_079,4
660,steady,612.918296,613.843244,924.948,1.767,923.109,256,tumor_079,4
661,steady,613.855843,614.794649,938.806,1.772,936.955,256,tumor_079,4
662,steady,614.806035,615.731646,925.611,1.781,923.744,256,tumor_079,4
663,steady,615.743783,616.666576,922.793,1.765,920.942,256,tumor_079,4
664,steady,616.677828,617.600881,923.054,1.775,921.192,256,tumor_079,4
665,steady,617.613201,618.534235,921.034,1.777,919.161,256,tumor_079,4
666,steady,618.545446,619.468122,922.675,1.781,920.809,256,tumor_079,4
667,steady,619.480037,620.399325,919.288,1.774,917.447,256,tumor_079,4
668,steady,620.410941,621.331243,920.302,1.767,918.460,256,tumor_079,4
669,steady,621.342003,622.327883,985.880,1.596,984.209,232,tumor_079,4
670,steady,622.535063,623.452205,917.142,1.794,915.263,256,tumor_101,4
671,steady,623.464586,624.383805,919.219,1.765,917.384,256,tumor_101,4
672,steady,624.395475,625.314756,919.282,1.767,917.442,256,tumor_101,4
673,steady,625.326582,626.244921,918.338,1.765,916.505,256,tumor_101,4
674,steady,626.256379,627.174626,918.247,1.763,916.409,256,tumor_101,4
675,steady,627.186251,628.104404,918.152,1.773,916.303,256,tumor_101,4
676,steady,628.116054,629.033451,917.397,1.767,915.558,256,tumor_101,4
677,steady,629.045712,629.963241,917.529,1.763,915.696,256,tumor_101,4
678,steady,629.975117,630.891419,916.302,1.770,914.461,256,tumor_101,4
679,steady,630.903081,631.819057,915.976,1.760,914.135,256,tumor_101,4
680,steady,631.830531,632.746200,915.668,1.778,913.810,256,tumor_101,4
681,steady,632.758164,633.673559,915.395,1.763,913.555,256,tumor_101,4
682,steady,633.685355,634.601068,915.713,1.782,913.857,256,tumor_101,4
683,steady,634.612317,635.527823,915.506,1.759,913.676,256,tumor_101,4
684,steady,635.540023,636.455129,915.107,1.772,913.248,256,tumor_101,4
685,steady,636.466325,637.381699,915.374,1.769,913.529,256,tumor_101,4
686,steady,637.393147,638.307850,914.704,1.774,912.857,256,tumor_101,4
687,steady,638.319570,639.233843,914.273,1.762,912.429,256,tumor_101,4
688,steady,639.245271,640.159787,914.515,1.767,912.674,256,tumor_101,4
689,steady,640.171150,641.087768,916.618,1.762,914.774,256,tumor_101,4
690,steady,641.099600,642.013043,913.443,1.766,911.598,256,tumor_101,4
691,steady,642.024669,642.938890,914.221,1.773,912.366,256,tumor_101,4
692,steady,642.950944,643.864017,913.073,1.773,911.222,256,tumor_101,4
693,steady,643.875747,644.789309,913.562,1.775,911.705,256,tumor_101,4
694,steady,644.801018,645.714996,913.978,1.769,912.130,256,tumor_101,4
695,steady,645.726453,646.640185,913.732,1.773,911.868,256,tumor_101,4
696,steady,646.652022,647.565767,913.745,1.783,911.879,256,tumor_101,4
697,steady,647.581292,648.494230,912.938,1.777,911.062,256,tumor_101,4
698,steady,648.508070,649.421237,913.167,1.791,911.289,256,tumor_101,4
699,steady,649.432423,650.345678,913.255,1.762,911.421,256,tumor_101,4
700,steady,650.357096,651.270174,913.078,1.764,911.243,256,tumor_101,4
701,steady,651.281664,652.195181,913.517,1.761,911.681,256,tumor_101,4
702,steady,652.206661,653.119537,912.876,1.778,911.019,256,tumor_101,4
703,steady,653.130911,654.044010,913.099,1.774,911.249,256,tumor_101,4
704,steady,654.055522,654.968667,913.146,1.766,911.307,256,tumor_101,4
705,steady,654.980200,655.893323,913.123,1.763,911.290,256,tumor_101,4
706,steady,655.904865,656.817867,913.003,1.767,911.154,256,tumor_101,4
707,steady,656.829132,657.743199,914.067,1.776,912.212,256,tumor_101,4
708,steady,657.754786,658.667858,913.072,1.785,911.195,256,tumor_101,4
709,steady,658.679600,659.593267,913.668,1.775,911.810,256,tumor_101,4
710,steady,659.604357,660.518086,913.729,1.761,911.907,256,tumor_101,4
711,steady,660.529882,661.442853,912.972,1.752,911.162,256,tumor_101,4
712,steady,661.454927,662.367694,912.767,1.761,910.950,256,tumor_101,4
713,steady,662.379196,663.293618,914.422,1.756,912.609,256,tumor_101,4
714,steady,663.304655,664.218809,914.155,1.765,912.333,256,tumor_101,4
715,steady,664.229900,665.143316,913.416,1.758,911.603,256,tumor_101,4
716,steady,665.154693,666.069568,914.875,1.762,913.056,256,tumor_101,4
717,steady,666.076094,666.593908,517.814,0.965,516.801,144,tumor_101,4
